"../../../Engine/Plugins/Interchange/Runtime/Content/Pipelines/DefaultTexturePipeline.uasset" 0
"../../../Engine/Plugins/Interchange/Runtime/Content/Pipelines/DefaultTexturePipeline.uexp" 1
"../../../Engine/Plugins/Interchange/Runtime/Content/Pipelines/DefaultSceneLevelPipeline.uasset" 2
"../../../Engine/Plugins/Interchange/Runtime/Content/Pipelines/DefaultSceneLevelPipeline.uexp" 3
"../../../Engine/Plugins/Interchange/Runtime/Content/Pipelines/DefaultSceneAssetsPipeline.uasset" 4
"../../../Engine/Plugins/Interchange/Runtime/Content/Pipelines/DefaultSceneAssetsPipeline.uexp" 5
"../../../Engine/Plugins/Interchange/Runtime/Content/Pipelines/DefaultMaterialXPipeline.uasset" 6
"../../../Engine/Plugins/Interchange/Runtime/Content/Pipelines/DefaultMaterialXPipeline.uexp" 7
"../../../Engine/Plugins/Interchange/Runtime/Content/Pipelines/DefaultMaterialPipeline.uasset" 8
"../../../Engine/Plugins/Interchange/Runtime/Content/Pipelines/DefaultMaterialPipeline.uexp" 9
"../../../Engine/Plugins/Interchange/Runtime/Content/Pipelines/DefaultGLTFSceneAssetsPipeline.uasset" 10
"../../../Engine/Plugins/Interchange/Runtime/Content/Pipelines/DefaultGLTFSceneAssetsPipeline.uexp" 11
"../../../Engine/Plugins/Interchange/Runtime/Content/Pipelines/DefaultGLTFPipeline.uasset" 12
"../../../Engine/Plugins/Interchange/Runtime/Content/Pipelines/DefaultGLTFPipeline.uexp" 13
"../../../Engine/Plugins/Interchange/Runtime/Content/Pipelines/DefaultGLTFAssetsPipeline.uasset" 14
"../../../Engine/Plugins/Interchange/Runtime/Content/Pipelines/DefaultGLTFAssetsPipeline.uexp" 15
"../../../Engine/Plugins/Interchange/Runtime/Content/Pipelines/DefaultAssetsPipeline.uasset" 16
"../../../Engine/Plugins/Interchange/Runtime/Content/Pipelines/DefaultAssetsPipeline.uexp" 17
"../../../Engine/Plugins/Animation/ControlRig/Content/Controls/DefaultGizmoLibraryNormalized.uasset" 18
"../../../Engine/Plugins/Animation/ControlRig/Content/Controls/DefaultGizmoLibraryNormalized.uexp" 19
"../../../Engine/Plugins/Animation/ACLPlugin/Content/ACLAnimCurveCompressionSettings.uasset" 20
"../../../Engine/Plugins/Animation/ACLPlugin/Content/ACLAnimCurveCompressionSettings.uexp" 21
"../../../Engine/Plugins/Animation/ACLPlugin/Content/ACLAnimBoneCompressionSettings.uasset" 22
"../../../Engine/Plugins/Animation/ACLPlugin/Content/ACLAnimBoneCompressionSettings.uexp" 23
"../../../Engine/Plugins/2D/Paper2D/Content/PlaceholderTextures/DummySpriteTexture.ubulk" 24
"../../../Engine/Plugins/2D/Paper2D/Content/PlaceholderTextures/DummySpriteTexture.uasset" 25
"../../../Engine/Plugins/2D/Paper2D/Content/PlaceholderTextures/DummySpriteTexture.uexp" 26
"../../../Engine/Plugins/2D/Paper2D/Content/DummySprite.uasset" 27
"../../../Engine/Plugins/2D/Paper2D/Content/DummySprite.uexp" 28
"../../../Engine/Plugins/2D/Paper2D/Content/DefaultPaperTerrainMaterial.uasset" 29
"../../../Engine/Plugins/2D/Paper2D/Content/DefaultPaperTerrainMaterial.uexp" 30
"../../../Engine/Content/EngineMaterials/DefaultPhysicalMaterial.uasset" 31
"../../../Engine/Content/EngineMaterials/DefaultPhysicalMaterial.uexp" 32
"../../../Engine/Content/EngineMaterials/DefaultDestructiblePhysicalMaterial.uasset" 33
"../../../Engine/Content/EngineMaterials/DefaultDestructiblePhysicalMaterial.uexp" 34
"../../../Engine/Content/EngineFonts/Faces/RobotoLight.uexp" 35
"../../../Engine/Content/EngineFonts/Faces/RobotoLight.uasset" 36
"../../../Engine/Content/EngineFonts/Faces/RobotoLight.ufont" 37
"../../../Engine/Content/EngineFonts/Faces/RobotoBold.uexp" 38
"../../../Engine/Content/EngineFonts/Faces/RobotoBold.uasset" 39
"../../../Engine/Content/EngineFonts/Faces/RobotoBold.ufont" 40
"../../../Engine/Content/EngineFonts/Faces/RobotoRegular.uexp" 41
"../../../Engine/Content/EngineFonts/Faces/RobotoRegular.uasset" 42
"../../../Engine/Content/EngineFonts/Faces/RobotoRegular.ufont" 43
"../../../Engine/Content/EngineFonts/Faces/DroidSansFallback.uexp" 44
"../../../Engine/Content/EngineFonts/Faces/DroidSansFallback.uasset" 45
"../../../Engine/Content/EngineFonts/Faces/DroidSansFallback.ufont" 46
"../../../Engine/Content/EngineFonts/Faces/RobotoItalic.uexp" 47
"../../../Engine/Content/EngineFonts/Faces/RobotoItalic.uasset" 48
"../../../Engine/Content/EngineFonts/Faces/RobotoItalic.ufont" 49
"../../../Engine/Content/EngineFonts/Faces/RobotoBoldItalic.uexp" 50
"../../../Engine/Content/EngineFonts/Faces/RobotoBoldItalic.uasset" 51
"../../../Engine/Content/EngineFonts/Faces/RobotoBoldItalic.ufont" 52
"../../../Engine/Content/EngineFonts/Roboto.uasset" 53
"../../../Engine/Content/EngineFonts/Roboto.uexp" 54
"../../../Engine/Content/MobileResources/HUD/VirtualJoystick_Background.uasset" 55
"../../../Engine/Content/MobileResources/HUD/VirtualJoystick_Background.uexp" 56
"../../../Engine/Content/MobileResources/HUD/VirtualJoystick_Thumb.uasset" 57
"../../../Engine/Content/MobileResources/HUD/VirtualJoystick_Thumb.uexp" 58
"../../../Engine/Content/MobileResources/HUD/DefaultVirtualJoysticks.uasset" 59
"../../../Engine/Content/MobileResources/HUD/DefaultVirtualJoysticks.uexp" 60
"../../../Engine/Content/EditorResources/S_Actor.ubulk" 61
"../../../Engine/Content/EditorResources/S_Actor.uasset" 62
"../../../Engine/Content/EditorResources/S_Actor.uexp" 63
"../../../Engine/Content/EditorResources/S_BoxReflectionCapture.uasset" 64
"../../../Engine/Content/EditorResources/S_BoxReflectionCapture.uexp" 65
"../../../Engine/Content/EngineResources/DefaultTexture.ubulk" 66
"../../../Engine/Content/EngineResources/DefaultTexture.uasset" 67
"../../../Engine/Content/EngineResources/DefaultTexture.uexp" 68
"../../../Engine/Content/EngineResources/DefaultTextureCube.uasset" 69
"../../../Engine/Content/EngineResources/DefaultTextureCube.uexp" 70
"../../../Engine/Content/EngineResources/DefaultVolumeTexture2D.uasset" 71
"../../../Engine/Content/EngineResources/DefaultVolumeTexture2D.uexp" 72
"../../../Engine/Content/EngineResources/DefaultVolumeTexture.uasset" 73
"../../../Engine/Content/EngineResources/DefaultVolumeTexture.uexp" 74
"../../../Engine/Content/EditorResources/S_Trigger.ubulk" 75
"../../../Engine/Content/EditorResources/S_Trigger.uasset" 76
"../../../Engine/Content/EditorResources/S_Trigger.uexp" 77
"../../../Engine/Content/EditorResources/S_TriggerBox.uasset" 78
"../../../Engine/Content/EditorResources/S_TriggerBox.uexp" 79
"../../../Engine/Content/EditorResources/S_TriggerCapsule.uasset" 80
"../../../Engine/Content/EditorResources/S_TriggerCapsule.uexp" 81
"../../../Engine/Content/EditorResources/S_TriggerSphere.uasset" 82
"../../../Engine/Content/EditorResources/S_TriggerSphere.uexp" 83
"../../../Engine/Plugins/Runtime/MeshModelingToolset/Content/Materials/M_DynamicMeshComponentVtxColor.uasset" 84
"../../../Engine/Plugins/Runtime/MeshModelingToolset/Content/Materials/M_DynamicMeshComponentVtxColor.uexp" 85
"../../../Engine/Plugins/Runtime/HairStrands/Content/Materials/HairMeshesDefaultMaterial.uasset" 86
"../../../Engine/Plugins/Runtime/HairStrands/Content/Materials/HairMeshesDefaultMaterial.uexp" 87
"../../../Engine/Plugins/Runtime/HairStrands/Content/Materials/HairDefaultMaterial.uasset" 88
"../../../Engine/Plugins/Runtime/HairStrands/Content/Materials/HairDefaultMaterial.uexp" 89
"../../../Engine/Plugins/Runtime/HairStrands/Content/Materials/HairGroupColors.uasset" 90
"../../../Engine/Plugins/Runtime/HairStrands/Content/Materials/HairGroupColors.uexp" 91
"../../../Engine/Content/Functions/Engine_MaterialFunctions02/Utility/MakeFloat2.uasset" 92
"../../../Engine/Content/Functions/Engine_MaterialFunctions02/Utility/MakeFloat2.uexp" 93
"../../../Engine/Content/Functions/Engine_MaterialFunctions02/Utility/MakeFloat3.uasset" 94
"../../../Engine/Content/Functions/Engine_MaterialFunctions02/Utility/MakeFloat3.uexp" 95
"../../../Engine/Content/EngineMaterials/HairColorMap.uasset" 96
"../../../Engine/Content/EngineMaterials/HairColorMap.uexp" 97
"../../../Engine/Content/EngineMaterials/HairDebugColor.uasset" 98
"../../../Engine/Content/EngineMaterials/HairDebugColor.uexp" 99
"../../../Engine/Plugins/Runtime/HairStrands/Content/Materials/HairDebugMaterial.uasset" 100
"../../../Engine/Plugins/Runtime/HairStrands/Content/Materials/HairDebugMaterial.uexp" 101
"../../../Engine/Plugins/Runtime/HairStrands/Content/Materials/HairCardsDefaultMaterial.uasset" 102
"../../../Engine/Plugins/Runtime/HairStrands/Content/Materials/HairCardsDefaultMaterial.uexp" 103
"../../../Engine/Plugins/Runtime/AudioWidgets/Content/Resources/ScrubHandleDown_Clamped.uasset" 104
"../../../Engine/Plugins/Runtime/AudioWidgets/Content/Resources/ScrubHandleDown_Clamped.uexp" 105
"../../../Engine/Plugins/Interchange/Assets/Content/Functions/MX_UsdPreviewSurface.uasset" 106
"../../../Engine/Plugins/Interchange/Assets/Content/Functions/MX_UsdPreviewSurface.uexp" 107
"../../../Engine/Plugins/Interchange/Assets/Content/Functions/MX_UniformEDF.uasset" 108
"../../../Engine/Plugins/Interchange/Assets/Content/Functions/MX_UniformEDF.uexp" 109
"../../../Engine/Plugins/Interchange/Assets/Content/Functions/MX_TranslucentBSDF.uasset" 110
"../../../Engine/Plugins/Interchange/Assets/Content/Functions/MX_TranslucentBSDF.uexp" 111
"../../../Engine/Plugins/Interchange/Assets/Content/Functions/MX_ThinFilmBSDF.uasset" 112
"../../../Engine/Plugins/Interchange/Assets/Content/Functions/MX_ThinFilmBSDF.uexp" 113
"../../../Engine/Plugins/Interchange/Assets/Content/Functions/MX_SurfaceUnlit.uasset" 114
"../../../Engine/Plugins/Interchange/Assets/Content/Functions/MX_SurfaceUnlit.uexp" 115
"../../../Engine/Plugins/Interchange/Assets/Content/Functions/MX_Surface.uasset" 116
"../../../Engine/Plugins/Interchange/Assets/Content/Functions/MX_Surface.uexp" 117
"../../../Engine/Plugins/Interchange/Assets/Content/Functions/MX_SubsurfaceBSDF.uasset" 118
"../../../Engine/Plugins/Interchange/Assets/Content/Functions/MX_SubsurfaceBSDF.uexp" 119
"../../../Engine/Plugins/Interchange/Assets/Content/Functions/MX_SheenBSDF.uasset" 120
"../../../Engine/Plugins/Interchange/Assets/Content/Functions/MX_SheenBSDF.uexp" 121
"../../../Engine/Plugins/Interchange/Assets/Content/Functions/MX_OrenNayarBSDF.uasset" 122
"../../../Engine/Plugins/Interchange/Assets/Content/Functions/MX_OrenNayarBSDF.uexp" 123
"../../../Engine/Plugins/Interchange/Assets/Content/Utilities/New_LUT.uasset" 124
"../../../Engine/Plugins/Interchange/Assets/Content/Utilities/New_LUT.uexp" 125
"../../../Engine/Content/Functions/Engine_MaterialFunctions03/Math/RemapValueRange.uasset" 126
"../../../Engine/Content/Functions/Engine_MaterialFunctions03/Math/RemapValueRange.uexp" 127
"../../../Engine/Plugins/Interchange/Assets/Content/Functions/MF_Iridescence.uasset" 128
"../../../Engine/Plugins/Interchange/Assets/Content/Functions/MF_Iridescence.uexp" 129
"../../../Engine/Plugins/Interchange/Assets/Content/Functions/MX_StandardSurface.uasset" 130
"../../../Engine/Plugins/Interchange/Assets/Content/Functions/MX_StandardSurface.uexp" 131
"../../../Engine/Plugins/Interchange/Assets/Content/Functions/MX_TransmissionSurface.uasset" 132
"../../../Engine/Plugins/Interchange/Assets/Content/Functions/MX_TransmissionSurface.uexp" 133
"../../../Engine/Plugins/Interchange/Assets/Content/Functions/MX_OpenPBR_Translucent.uasset" 134
"../../../Engine/Plugins/Interchange/Assets/Content/Functions/MX_OpenPBR_Translucent.uexp" 135
"../../../Engine/Plugins/Interchange/Assets/Content/Functions/MX_OpenPBR_Opaque.uasset" 136
"../../../Engine/Plugins/Interchange/Assets/Content/Functions/MX_OpenPBR_Opaque.uexp" 137
"../../../Engine/Plugins/Interchange/Assets/Content/Functions/MX_MeasuredEDF.uasset" 138
"../../../Engine/Plugins/Interchange/Assets/Content/Functions/MX_MeasuredEDF.uexp" 139
"../../../Engine/Plugins/Interchange/Assets/Content/Functions/MX_GeneralizedSchlickBSDF.uasset" 140
"../../../Engine/Plugins/Interchange/Assets/Content/Functions/MX_GeneralizedSchlickBSDF.uexp" 141
"../../../Engine/Plugins/Interchange/Assets/Content/Functions/MX_DielectricBSDF.uasset" 142
"../../../Engine/Plugins/Interchange/Assets/Content/Functions/MX_DielectricBSDF.uexp" 143
"../../../Engine/Plugins/Interchange/Assets/Content/Functions/MX_ConicalEDF.uasset" 144
"../../../Engine/Plugins/Interchange/Assets/Content/Functions/MX_ConicalEDF.uexp" 145
"../../../Engine/Plugins/Interchange/Assets/Content/Functions/MX_ConductorBSDF.uasset" 146
"../../../Engine/Plugins/Interchange/Assets/Content/Functions/MX_ConductorBSDF.uexp" 147
"../../../Engine/Plugins/Interchange/Assets/Content/Functions/MX_BurleyDiffuseBSDF.uasset" 148
"../../../Engine/Plugins/Interchange/Assets/Content/Functions/MX_BurleyDiffuseBSDF.uexp" 149
"../../../Engine/Plugins/Interchange/Assets/Content/Functions/MX_AnisotropicVDF.uasset" 150
"../../../Engine/Plugins/Interchange/Assets/Content/Functions/MX_AnisotropicVDF.uexp" 151
"../../../Engine/Plugins/Interchange/Assets/Content/Functions/MX_AbsorptionVDF.uasset" 152
"../../../Engine/Plugins/Interchange/Assets/Content/Functions/MX_AbsorptionVDF.uexp" 153
"../../../Engine/Plugins/Editor/SpeedTreeImporter/Content/SpeedTree9/game_wind_noise.ubulk" 154
"../../../Engine/Plugins/Editor/SpeedTreeImporter/Content/SpeedTree9/game_wind_noise.uasset" 155
"../../../Engine/Plugins/Editor/SpeedTreeImporter/Content/SpeedTree9/game_wind_noise.uexp" 156
"../../../Engine/Plugins/Editor/SpeedTreeImporter/Content/SpeedTree9/UnpackDirection.uasset" 157
"../../../Engine/Plugins/Editor/SpeedTreeImporter/Content/SpeedTree9/UnpackDirection.uexp" 158
"../../../Engine/Content/Functions/Engine_MaterialFunctions02/ObjectLocalBounds.uasset" 159
"../../../Engine/Content/Functions/Engine_MaterialFunctions02/ObjectLocalBounds.uexp" 160
"../../../Engine/Content/Functions/Engine_MaterialFunctions02/Utility/BreakOutFloat3Components.uasset" 161
"../../../Engine/Content/Functions/Engine_MaterialFunctions02/Utility/BreakOutFloat3Components.uexp" 162
"../../../Engine/Content/Functions/Engine_MaterialFunctions02/UVs/BoundingBoxBased_0-1_UVW.uasset" 163
"../../../Engine/Content/Functions/Engine_MaterialFunctions02/UVs/BoundingBoxBased_0-1_UVW.uexp" 164
"../../../Engine/Content/Functions/Engine_MaterialFunctions02/Utility/VectorLength.uasset" 165
"../../../Engine/Content/Functions/Engine_MaterialFunctions02/Utility/VectorLength.uexp" 166
"../../../Engine/Plugins/Editor/SpeedTreeImporter/Content/SpeedTree9/UnpackInteger3.uasset" 167
"../../../Engine/Plugins/Editor/SpeedTreeImporter/Content/SpeedTree9/UnpackInteger3.uexp" 168
"../../../Engine/Plugins/Editor/SpeedTreeImporter/Content/SpeedTree9/SpeedTreeCameraFacing.uasset" 169
"../../../Engine/Plugins/Editor/SpeedTreeImporter/Content/SpeedTree9/SpeedTreeCameraFacing.uexp" 170
"../../../Engine/Content/Functions/Engine_MaterialFunctions02/WorldPositionOffset/ObjectScale.uasset" 171
"../../../Engine/Content/Functions/Engine_MaterialFunctions02/WorldPositionOffset/ObjectScale.uexp" 172
"../../../Engine/Content/Functions/Engine_MaterialFunctions02/SafeNormalize.uasset" 173
"../../../Engine/Content/Functions/Engine_MaterialFunctions02/SafeNormalize.uexp" 174
"../../../Engine/Plugins/Editor/SpeedTreeImporter/Content/SpeedTree9/SpeedTreeWindMotion.uasset" 175
"../../../Engine/Plugins/Editor/SpeedTreeImporter/Content/SpeedTree9/SpeedTreeWindMotion.uexp" 176
"../../../Engine/Plugins/Editor/SpeedTreeImporter/Content/SpeedTree9/SpeedTreeBranchMotion.uasset" 177
"../../../Engine/Plugins/Editor/SpeedTreeImporter/Content/SpeedTree9/SpeedTreeBranchMotion.uexp" 178
"../../../Engine/Plugins/Editor/SpeedTreeImporter/Content/SpeedTree9/SpeedTreeWind.uasset" 179
"../../../Engine/Plugins/Editor/SpeedTreeImporter/Content/SpeedTree9/SpeedTreeWind.uexp" 180
"../../../Engine/Plugins/Editor/SpeedTreeImporter/Content/SpeedTree9/EmptyNormal.uasset" 181
"../../../Engine/Plugins/Editor/SpeedTreeImporter/Content/SpeedTree9/EmptyNormal.uexp" 182
"../../../Engine/Plugins/Editor/SpeedTreeImporter/Content/SpeedTree9/Empty.uasset" 183
"../../../Engine/Plugins/Editor/SpeedTreeImporter/Content/SpeedTree9/Empty.uexp" 184
"../../../Engine/Plugins/Editor/SpeedTreeImporter/Content/SpeedTree9/SpeedTreeMaster.uasset" 185
"../../../Engine/Plugins/Editor/SpeedTreeImporter/Content/SpeedTree9/SpeedTreeMaster.uexp" 186
"../../../Engine/Plugins/Editor/SpeedTreeImporter/Content/SpeedTree9/SpeedTreeBillboard.uasset" 187
"../../../Engine/Plugins/Editor/SpeedTreeImporter/Content/SpeedTree9/SpeedTreeBillboard.uexp" 188
"../../../Engine/Plugins/Editor/SpeedTreeImporter/Content/SpeedTree9/SpeedTreeBillboardMaster.uasset" 189
"../../../Engine/Plugins/Editor/SpeedTreeImporter/Content/SpeedTree9/SpeedTreeBillboardMaster.uexp" 190
"../../../Engine/Content/Functions/Engine_MaterialFunctions02/WorldPositionOffset/CameraOffset.uasset" 191
"../../../Engine/Content/Functions/Engine_MaterialFunctions02/WorldPositionOffset/CameraOffset.uexp" 192
"../../../Engine/Plugins/Animation/ControlRig/Content/M_Manip.uasset" 193
"../../../Engine/Plugins/Animation/ControlRig/Content/M_Manip.uexp" 194
"../../../Engine/Plugins/Animation/ControlRig/Content/Controls/ControlRigXRayMaterial.uasset" 195
"../../../Engine/Plugins/Animation/ControlRig/Content/Controls/ControlRigXRayMaterial.uexp" 196
"../../../Engine/Plugins/Animation/ControlRig/Content/Controls/ControlRigGizmoMaterial.uasset" 197
"../../../Engine/Plugins/Animation/ControlRig/Content/Controls/ControlRigGizmoMaterial.uexp" 198
"../../../Engine/Content/EngineResources/GradientTexture0.uasset" 199
"../../../Engine/Content/EngineResources/GradientTexture0.uexp" 200
"../../../Engine/Content/EngineResources/Black.uasset" 201
"../../../Engine/Content/EngineResources/Black.uexp" 202
"../../../Engine/Content/EngineMaterials/RemoveSurfaceMaterial.uasset" 203
"../../../Engine/Content/EngineMaterials/RemoveSurfaceMaterial.uexp" 204
"../../../Engine/Content/EngineMaterials/PreintegratedSkinBRDF.uasset" 205
"../../../Engine/Content/EngineMaterials/PreintegratedSkinBRDF.uexp" 206
"../../../Engine/Content/EngineMaterials/DefaultCalibrationGrayscale.uasset" 207
"../../../Engine/Content/EngineMaterials/DefaultCalibrationGrayscale.uexp" 208
"../../../Engine/Content/EngineMaterials/PPM_DefaultCalibrationGrayscale.uasset" 209
"../../../Engine/Content/EngineMaterials/PPM_DefaultCalibrationGrayscale.uexp" 210
"../../../Engine/Content/EngineMaterials/DefaultCalibrationColor.uasset" 211
"../../../Engine/Content/EngineMaterials/DefaultCalibrationColor.uexp" 212
"../../../Engine/Content/EngineMaterials/PPM_DefaultCalibrationColor.uasset" 213
"../../../Engine/Content/EngineMaterials/PPM_DefaultCalibrationColor.uexp" 214
"../../../Engine/Content/EngineMaterials/PhAT_JointLimitMaterial.uasset" 215
"../../../Engine/Content/EngineMaterials/PhAT_JointLimitMaterial.uexp" 216
"../../../Engine/Content/EngineMaterials/NaniteHiddenSectionMaterial.uasset" 217
"../../../Engine/Content/EngineMaterials/NaniteHiddenSectionMaterial.uexp" 218
"../../../Engine/Content/EngineMaterials/InvalidLightmapSettings.ubulk" 219
"../../../Engine/Content/EngineMaterials/InvalidLightmapSettings.uasset" 220
"../../../Engine/Content/EngineMaterials/InvalidLightmapSettings.uexp" 221
"../../../Engine/Content/EngineMaterials/M_InvalidLightmapSettings.uasset" 222
"../../../Engine/Content/EngineMaterials/M_InvalidLightmapSettings.uexp" 223
"../../../Engine/Content/EngineMaterials/MiniFont.uasset" 224
"../../../Engine/Content/EngineMaterials/MiniFont.uexp" 225
"../../../Engine/Content/EngineMaterials/GizmoMaterial.uasset" 226
"../../../Engine/Content/EngineMaterials/GizmoMaterial.uexp" 227
"../../../Engine/Content/EngineMaterials/BaseFlattenEmissiveMap_VT.uasset" 228
"../../../Engine/Content/EngineMaterials/BaseFlattenEmissiveMap_VT.uexp" 229
"../../../Engine/Content/EngineMaterials/BaseFlattenGrayscaleMap_VT.uasset" 230
"../../../Engine/Content/EngineMaterials/BaseFlattenGrayscaleMap_VT.uexp" 231
"../../../Engine/Content/EngineMaterials/BaseFlattenLinearColor_VT.uasset" 232
"../../../Engine/Content/EngineMaterials/BaseFlattenLinearColor_VT.uexp" 233
"../../../Engine/Content/EngineMaterials/Black_1x1_EXR_Texture_VT.uasset" 234
"../../../Engine/Content/EngineMaterials/Black_1x1_EXR_Texture_VT.uexp" 235
"../../../Engine/Content/EngineMaterials/BaseFlattenDiffuseMap_VT.uasset" 236
"../../../Engine/Content/EngineMaterials/BaseFlattenDiffuseMap_VT.uexp" 237
"../../../Engine/Content/EngineMaterials/BaseFlattenNormalMap_VT.uasset" 238
"../../../Engine/Content/EngineMaterials/BaseFlattenNormalMap_VT.uexp" 239
"../../../Engine/Content/EngineMaterials/FlattenMaterial_WS_Normal_VT.uasset" 240
"../../../Engine/Content/EngineMaterials/FlattenMaterial_WS_Normal_VT.uexp" 241
"../../../Engine/Content/EngineMaterials/FlattenMaterial_VT.uasset" 242
"../../../Engine/Content/EngineMaterials/FlattenMaterial_VT.uexp" 243
"../../../Engine/Content/EngineMaterials/BaseFlattenNormalMap.uasset" 244
"../../../Engine/Content/EngineMaterials/BaseFlattenNormalMap.uexp" 245
"../../../Engine/Content/EngineMaterials/BaseFlattenGrayscaleMap.uasset" 246
"../../../Engine/Content/EngineMaterials/BaseFlattenGrayscaleMap.uexp" 247
"../../../Engine/Content/EngineMaterials/BaseFlattenDiffuseMap.uasset" 248
"../../../Engine/Content/EngineMaterials/BaseFlattenDiffuseMap.uexp" 249
"../../../Engine/Content/Functions/Engine_MaterialFunctions02/PivotPainter2/Black_1x1_EXR_Texture.uasset" 250
"../../../Engine/Content/Functions/Engine_MaterialFunctions02/PivotPainter2/Black_1x1_EXR_Texture.uexp" 251
"../../../Engine/Content/EngineMaterials/BaseFlattenEmissiveMap.uasset" 252
"../../../Engine/Content/EngineMaterials/BaseFlattenEmissiveMap.uexp" 253
"../../../Engine/Content/EngineMaterials/BaseFlattenLinearColor.uasset" 254
"../../../Engine/Content/EngineMaterials/BaseFlattenLinearColor.uexp" 255
"../../../Engine/Content/EngineMaterials/FlattenMaterial.uasset" 256
"../../../Engine/Content/EngineMaterials/FlattenMaterial.uexp" 257
"../../../Engine/Content/EngineMaterials/FastBlueNoise_vec2_128x128x64.uasset" 258
"../../../Engine/Content/EngineMaterials/FastBlueNoise_vec2_128x128x64.uexp" 259
"../../../Engine/Content/EngineMaterials/FastBlueNoise_scalar_128x128x64.uasset" 260
"../../../Engine/Content/EngineMaterials/FastBlueNoise_scalar_128x128x64.uexp" 261
"../../../Engine/Content/EngineMaterials/DefaultWhiteGrid_Low.uasset" 262
"../../../Engine/Content/EngineMaterials/DefaultWhiteGrid_Low.uexp" 263
"../../../Engine/Content/EngineMaterials/EmissiveMeshMaterial.uasset" 264
"../../../Engine/Content/EngineMaterials/EmissiveMeshMaterial.uexp" 265
"../../../Engine/Content/EngineMaterials/DefaultWhiteGrid.ubulk" 266
"../../../Engine/Content/EngineMaterials/DefaultWhiteGrid.uasset" 267
"../../../Engine/Content/EngineMaterials/DefaultWhiteGrid.uexp" 268
"../../../Engine/Content/EngineFonts/RobotoDistanceField.uasset" 269
"../../../Engine/Content/EngineFonts/RobotoDistanceField.uexp" 270
"../../../Engine/Content/EngineMaterials/DefaultTextMaterialOpaque.uasset" 271
"../../../Engine/Content/EngineMaterials/DefaultTextMaterialOpaque.uexp" 272
"../../../Engine/Content/EngineMaterials/DefaultDiffuse.ubulk" 273
"../../../Engine/Content/EngineMaterials/DefaultDiffuse.uasset" 274
"../../../Engine/Content/EngineMaterials/DefaultDiffuse.uexp" 275
"../../../Engine/Content/Functions/Engine_MaterialFunctions02/Utility/BreakOutFloat2Components.uasset" 276
"../../../Engine/Content/Functions/Engine_MaterialFunctions02/Utility/BreakOutFloat2Components.uexp" 277
"../../../Engine/Content/EngineMaterials/DefaultPostProcessMaterial.uasset" 278
"../../../Engine/Content/EngineMaterials/DefaultPostProcessMaterial.uexp" 279
"../../../Engine/Content/EngineMaterials/DefaultLightFunctionMaterial.uasset" 280
"../../../Engine/Content/EngineMaterials/DefaultLightFunctionMaterial.uexp" 281
"../../../Engine/Content/EngineMaterials/DefaultDeferredDecalMaterial.uasset" 282
"../../../Engine/Content/EngineMaterials/DefaultDeferredDecalMaterial.uexp" 283
"../../../Engine/Content/EngineMaterials/DefaultBokeh.uasset" 284
"../../../Engine/Content/EngineMaterials/DefaultBokeh.uexp" 285
"../../../Engine/Content/EngineMaterials/DefaultBloomKernel.uasset" 286
"../../../Engine/Content/EngineMaterials/DefaultBloomKernel.uexp" 287
"../../../Engine/Content/Functions/Engine_MaterialFunctions02/Utility/CameraDirectionVector.uasset" 288
"../../../Engine/Content/Functions/Engine_MaterialFunctions02/Utility/CameraDirectionVector.uexp" 289
"../../../Engine/Content/EngineDebugMaterials/VolumeToRender.uasset" 290
"../../../Engine/Content/EngineDebugMaterials/VolumeToRender.uexp" 291
"../../../Engine/Content/EngineDebugMaterials/M_VolumeRenderSphereTracePP.uasset" 292
"../../../Engine/Content/EngineDebugMaterials/M_VolumeRenderSphereTracePP.uexp" 293
"../../../Engine/Content/EngineDebugMaterials/M_SimpleUnlitTranslucent.uasset" 294
"../../../Engine/Content/EngineDebugMaterials/M_SimpleUnlitTranslucent.uexp" 295
"../../../Engine/Content/EngineDebugMaterials/DebugMeshMaterial.uasset" 296
"../../../Engine/Content/EngineDebugMaterials/DebugMeshMaterial.uexp" 297
"../../../Engine/Content/EngineDebugMaterials/DebugEditorMaterial.uasset" 298
"../../../Engine/Content/EngineDebugMaterials/DebugEditorMaterial.uexp" 299
"../../../Engine/Content/EngineDamageTypes/DmgTypeBP_Environmental.uasset" 300
"../../../Engine/Content/EngineDamageTypes/DmgTypeBP_Environmental.uexp" 301
"../../../Engine/Content/EditorResources/S_Terrain.ubulk" 302
"../../../Engine/Content/EditorResources/S_Terrain.uasset" 303
"../../../Engine/Content/EditorResources/S_Terrain.uexp" 304
"../../../Engine/Content/EditorResources/S_Solver.ubulk" 305
"../../../Engine/Content/EditorResources/S_Solver.uasset" 306
"../../../Engine/Content/EditorResources/S_Solver.uexp" 307
"../../../Engine/Content/EditorResources/EmptyActor.uasset" 308
"../../../Engine/Content/EditorResources/EmptyActor.uexp" 309
"../../../Engine/Content/EditorResources/BSPVertex.uasset" 310
"../../../Engine/Content/EditorResources/BSPVertex.uexp" 311
"../../../Engine/Content/EditorMaterials/PreviewShadowIndicator.ubulk" 312
"../../../Engine/Content/EditorMaterials/PreviewShadowIndicator.uasset" 313
"../../../Engine/Content/EditorMaterials/PreviewShadowIndicator.uexp" 314
"../../../Engine/Content/EditorMaterials/PreviewShadowIndicatorMaterial.uasset" 315
"../../../Engine/Content/EditorMaterials/PreviewShadowIndicatorMaterial.uexp" 316
"../../../Engine/Content/EditorMaterials/PhAT_UnselectedMaterial.uasset" 317
"../../../Engine/Content/EditorMaterials/PhAT_UnselectedMaterial.uexp" 318
"../../../Engine/Content/EditorMaterials/PhAT_NoCollisionMaterial.uasset" 319
"../../../Engine/Content/EditorMaterials/PhAT_NoCollisionMaterial.uexp" 320
"../../../Engine/Content/EditorLandscapeResources/DefaultAlphaTexture.uasset" 321
"../../../Engine/Content/EditorLandscapeResources/DefaultAlphaTexture.uexp" 322
"../../../Engine/Content/EngineResources/FilmGrains/Marcie_Grain_v3_128_M2_000.uasset" 323
"../../../Engine/Content/EngineResources/FilmGrains/Marcie_Grain_v3_128_M2_000.uexp" 324
"../../../Engine/Content/EngineMaterials/LTC/Sheen_LTC.uasset" 325
"../../../Engine/Content/EngineMaterials/LTC/Sheen_LTC.uexp" 326
"../../../Engine/Content/EngineMaterials/LTC/GGX_LTCMat.uasset" 327
"../../../Engine/Content/EngineMaterials/LTC/GGX_LTCMat.uexp" 328
"../../../Engine/Content/EngineMaterials/LTC/GGX_LTCAmp.uasset" 329
"../../../Engine/Content/EngineMaterials/LTC/GGX_LTCAmp.uexp" 330
"../../../Engine/Content/EngineMaterials/EnergyConservation/Sheen_Energy.uasset" 331
"../../../Engine/Content/EngineMaterials/EnergyConservation/Sheen_Energy.uexp" 332
"../../../Engine/Content/EngineMaterials/EnergyConservation/SheenLegacy_Energy.uasset" 333
"../../../Engine/Content/EngineMaterials/EnergyConservation/SheenLegacy_Energy.uexp" 334
"../../../Engine/Content/EngineMaterials/EnergyConservation/GGX_TransmissionEnergyArray.uasset" 335
"../../../Engine/Content/EngineMaterials/EnergyConservation/GGX_TransmissionEnergyArray.uexp" 336
"../../../Engine/Content/EngineMaterials/EnergyConservation/GGX_ReflectionEnergy.uasset" 337
"../../../Engine/Content/EngineMaterials/EnergyConservation/GGX_ReflectionEnergy.uexp" 338
"../../../Engine/Content/EngineMaterials/EnergyConservation/Diffuse_Energy.uasset" 339
"../../../Engine/Content/EngineMaterials/EnergyConservation/Diffuse_Energy.uexp" 340
"../../../Engine/Content/EditorResources/SequenceRecorder/RecordingIndicator.uasset" 341
"../../../Engine/Content/EditorResources/SequenceRecorder/RecordingIndicator.uexp" 342
"../../../Engine/Content/EditorResources/SequenceRecorder/Countdown.uasset" 343
"../../../Engine/Content/EditorResources/SequenceRecorder/Countdown.uexp" 344
"../../../Engine/Content/EditorMaterials/ParticleSystems/PSysThumbnail_OOD.ubulk" 345
"../../../Engine/Content/EditorMaterials/ParticleSystems/PSysThumbnail_OOD.uasset" 346
"../../../Engine/Content/EditorMaterials/ParticleSystems/PSysThumbnail_OOD.uexp" 347
"../../../Engine/Content/EditorMaterials/ParticleSystems/PSysThumbnail_NoImage.ubulk" 348
"../../../Engine/Content/EditorMaterials/ParticleSystems/PSysThumbnail_NoImage.uasset" 349
"../../../Engine/Content/EditorMaterials/ParticleSystems/PSysThumbnail_NoImage.uexp" 350
"../../../Engine/Content/EditorMaterials/Dataflow/DataflowVertexMaterial.uasset" 351
"../../../Engine/Content/EditorMaterials/Dataflow/DataflowVertexMaterial.uexp" 352
"../../../Engine/Content/EditorMaterials/Dataflow/DataflowTwoSidedVertexMaterial.uasset" 353
"../../../Engine/Content/EditorMaterials/Dataflow/DataflowTwoSidedVertexMaterial.uexp" 354
"G:/BestGameEver/BestGameEver/BestGameEver/Content/Dev/Blueprints/VoiceChat/E_VoiceMode.uasset" 355
"G:/BestGameEver/BestGameEver/BestGameEver/Content/Dev/Blueprints/VoiceChat/E_VoiceMode.uexp" 356
"G:/BestGameEver/BestGameEver/BestGameEver/Content/Dev/Blueprints/Lobby/S_PlayerLobbyInfo.uasset" 357
"G:/BestGameEver/BestGameEver/BestGameEver/Content/Dev/Blueprints/Lobby/S_PlayerLobbyInfo.uexp" 358
"G:/BestGameEver/BestGameEver/BestGameEver/Content/Characters/Mannequins/Meshes/SK_Mannequin.uasset" 359
"G:/BestGameEver/BestGameEver/BestGameEver/Content/Characters/Mannequins/Meshes/SK_Mannequin.uexp" 360
"G:/BestGameEver/BestGameEver/BestGameEver/Content/Characters/Mannequins/Textures/Quinn/T_Quinn_02ID_MSR_MSK.ubulk" 361
"G:/BestGameEver/BestGameEver/BestGameEver/Content/Characters/Mannequins/Textures/Quinn/T_Quinn_02ID_MSR_MSK.uasset" 362
"G:/BestGameEver/BestGameEver/BestGameEver/Content/Characters/Mannequins/Textures/Quinn/T_Quinn_02ID_MSR_MSK.uexp" 363
"G:/BestGameEver/BestGameEver/BestGameEver/Content/Characters/Mannequins/Textures/Quinn/T_Quinn_02ID_BN.ubulk" 364
"G:/BestGameEver/BestGameEver/BestGameEver/Content/Characters/Mannequins/Textures/Quinn/T_Quinn_02ID_BN.uasset" 365
"G:/BestGameEver/BestGameEver/BestGameEver/Content/Characters/Mannequins/Textures/Quinn/T_Quinn_02ID_BN.uexp" 366
"G:/BestGameEver/BestGameEver/BestGameEver/Content/Characters/Mannequins/Textures/Quinn/T_Quinn_02_ASAOMASK_MSK.ubulk" 367
"G:/BestGameEver/BestGameEver/BestGameEver/Content/Characters/Mannequins/Textures/Quinn/T_Quinn_02_ASAOMASK_MSK.uasset" 368
"G:/BestGameEver/BestGameEver/BestGameEver/Content/Characters/Mannequins/Textures/Quinn/T_Quinn_02_ASAOMASK_MSK.uexp" 369
"G:/BestGameEver/BestGameEver/BestGameEver/Content/Characters/Mannequins/Textures/Quinn/T_Quinn_02_CCRCCPlastic_MSK.ubulk" 370
"G:/BestGameEver/BestGameEver/BestGameEver/Content/Characters/Mannequins/Textures/Quinn/T_Quinn_02_CCRCCPlastic_MSK.uasset" 371
"G:/BestGameEver/BestGameEver/BestGameEver/Content/Characters/Mannequins/Textures/Quinn/T_Quinn_02_CCRCCPlastic_MSK.uexp" 372
"G:/BestGameEver/BestGameEver/BestGameEver/Content/Characters/Mannequins/Textures/Quinn/T_Quinn_02ID_Tan.ubulk" 373
"G:/BestGameEver/BestGameEver/BestGameEver/Content/Characters/Mannequins/Textures/Quinn/T_Quinn_02ID_Tan.uasset" 374
"G:/BestGameEver/BestGameEver/BestGameEver/Content/Characters/Mannequins/Textures/Quinn/T_Quinn_02ID_Tan.uexp" 375
"G:/BestGameEver/BestGameEver/BestGameEver/Content/Characters/Mannequins/Textures/Quinn/T_Quinn_02ID_D.ubulk" 376
"G:/BestGameEver/BestGameEver/BestGameEver/Content/Characters/Mannequins/Textures/Quinn/T_Quinn_02ID_D.uasset" 377
"G:/BestGameEver/BestGameEver/BestGameEver/Content/Characters/Mannequins/Textures/Quinn/T_Quinn_02ID_D.uexp" 378
"G:/BestGameEver/BestGameEver/BestGameEver/Content/Characters/Mannequins/Textures/Quinn/T_Quinn_01ID_MSR_MSK.ubulk" 379
"G:/BestGameEver/BestGameEver/BestGameEver/Content/Characters/Mannequins/Textures/Quinn/T_Quinn_01ID_MSR_MSK.uasset" 380
"G:/BestGameEver/BestGameEver/BestGameEver/Content/Characters/Mannequins/Textures/Quinn/T_Quinn_01ID_MSR_MSK.uexp" 381
"G:/BestGameEver/BestGameEver/BestGameEver/Content/Characters/Mannequins/Materials/Functions/ChromaticCurve.uasset" 382
"G:/BestGameEver/BestGameEver/BestGameEver/Content/Characters/Mannequins/Materials/Functions/ChromaticCurve.uexp" 383
"G:/BestGameEver/BestGameEver/BestGameEver/Content/Characters/Mannequins/Materials/Functions/CA_Mannequin.uasset" 384
"G:/BestGameEver/BestGameEver/BestGameEver/Content/Characters/Mannequins/Materials/Functions/CA_Mannequin.uexp" 385
"G:/BestGameEver/BestGameEver/BestGameEver/Content/Characters/Mannequins/Materials/Functions/MF_Diffraction.uasset" 386
"G:/BestGameEver/BestGameEver/BestGameEver/Content/Characters/Mannequins/Materials/Functions/MF_Diffraction.uexp" 387
"G:/BestGameEver/BestGameEver/BestGameEver/Content/Characters/Mannequins/Textures/Manny/T_Manny_01_N.ubulk" 388
"G:/BestGameEver/BestGameEver/BestGameEver/Content/Characters/Mannequins/Textures/Manny/T_Manny_01_N.uasset" 389
"G:/BestGameEver/BestGameEver/BestGameEver/Content/Characters/Mannequins/Textures/Manny/T_Manny_01_N.uexp" 390
"G:/BestGameEver/BestGameEver/BestGameEver/Content/Characters/Mannequins/Materials/Functions/ML_BaseColorFallOff.uasset" 391
"G:/BestGameEver/BestGameEver/BestGameEver/Content/Characters/Mannequins/Materials/Functions/ML_BaseColorFallOff.uexp" 392
"../../../Engine/Content/Functions/Engine_MaterialFunctions01/Texturing/ScaleUVsByCenter.uasset" 393
"../../../Engine/Content/Functions/Engine_MaterialFunctions01/Texturing/ScaleUVsByCenter.uexp" 394
"G:/BestGameEver/BestGameEver/BestGameEver/Content/Characters/Mannequins/Textures/Shared/T_UE_Logo_M.uasset" 395
"G:/BestGameEver/BestGameEver/BestGameEver/Content/Characters/Mannequins/Textures/Shared/T_UE_Logo_M.uexp" 396
"G:/BestGameEver/BestGameEver/BestGameEver/Content/Characters/Mannequins/Materials/Functions/MF_logo3layers.uasset" 397
"G:/BestGameEver/BestGameEver/BestGameEver/Content/Characters/Mannequins/Materials/Functions/MF_logo3layers.uexp" 398
"G:/BestGameEver/BestGameEver/BestGameEver/Content/Characters/Mannequins/Textures/Manny/T_Manny_01_CCRCCPlastic_MSK.ubulk" 399
"G:/BestGameEver/BestGameEver/BestGameEver/Content/Characters/Mannequins/Textures/Manny/T_Manny_01_CCRCCPlastic_MSK.uasset" 400
"G:/BestGameEver/BestGameEver/BestGameEver/Content/Characters/Mannequins/Textures/Manny/T_Manny_01_CCRCCPlastic_MSK.uexp" 401
"G:/BestGameEver/BestGameEver/BestGameEver/Content/Characters/Mannequins/Textures/Manny/T_Manny_01_ASAOPMASK_MSK.ubulk" 402
"G:/BestGameEver/BestGameEver/BestGameEver/Content/Characters/Mannequins/Textures/Manny/T_Manny_01_ASAOPMASK_MSK.uasset" 403
"G:/BestGameEver/BestGameEver/BestGameEver/Content/Characters/Mannequins/Textures/Manny/T_Manny_01_ASAOPMASK_MSK.uexp" 404
"G:/BestGameEver/BestGameEver/BestGameEver/Content/Characters/Mannequins/Textures/Manny/T_Manny_01_MSR_MSK.ubulk" 405
"G:/BestGameEver/BestGameEver/BestGameEver/Content/Characters/Mannequins/Textures/Manny/T_Manny_01_MSR_MSK.uasset" 406
"G:/BestGameEver/BestGameEver/BestGameEver/Content/Characters/Mannequins/Textures/Manny/T_Manny_01_MSR_MSK.uexp" 407
"G:/BestGameEver/BestGameEver/BestGameEver/Content/Characters/Mannequins/Textures/Manny/T_Manny_01_BN.ubulk" 408
"G:/BestGameEver/BestGameEver/BestGameEver/Content/Characters/Mannequins/Textures/Manny/T_Manny_01_BN.uasset" 409
"G:/BestGameEver/BestGameEver/BestGameEver/Content/Characters/Mannequins/Textures/Manny/T_Manny_01_BN.uexp" 410
"G:/BestGameEver/BestGameEver/BestGameEver/Content/Characters/Mannequins/Textures/Manny/T_Manny_01_D.ubulk" 411
"G:/BestGameEver/BestGameEver/BestGameEver/Content/Characters/Mannequins/Textures/Manny/T_Manny_01_D.uasset" 412
"G:/BestGameEver/BestGameEver/BestGameEver/Content/Characters/Mannequins/Textures/Manny/T_Manny_01_D.uexp" 413
"G:/BestGameEver/BestGameEver/BestGameEver/Content/Characters/Mannequins/Textures/Manny/T_Manny_01_Tan.ubulk" 414
"G:/BestGameEver/BestGameEver/BestGameEver/Content/Characters/Mannequins/Textures/Manny/T_Manny_01_Tan.uasset" 415
"G:/BestGameEver/BestGameEver/BestGameEver/Content/Characters/Mannequins/Textures/Manny/T_Manny_01_Tan.uexp" 416
"G:/BestGameEver/BestGameEver/BestGameEver/Content/Characters/Mannequins/Materials/M_Mannequin.uasset" 417
"G:/BestGameEver/BestGameEver/BestGameEver/Content/Characters/Mannequins/Materials/M_Mannequin.uexp" 418
"G:/BestGameEver/BestGameEver/BestGameEver/Content/Characters/Mannequins/Textures/Quinn/T_Quinn_01_ASAOMASK_MSK.ubulk" 419
"G:/BestGameEver/BestGameEver/BestGameEver/Content/Characters/Mannequins/Textures/Quinn/T_Quinn_01_ASAOMASK_MSK.uasset" 420
"G:/BestGameEver/BestGameEver/BestGameEver/Content/Characters/Mannequins/Textures/Quinn/T_Quinn_01_ASAOMASK_MSK.uexp" 421
"G:/BestGameEver/BestGameEver/BestGameEver/Content/Characters/Mannequins/Textures/Quinn/T_Quinn_01ID_N.ubulk" 422
"G:/BestGameEver/BestGameEver/BestGameEver/Content/Characters/Mannequins/Textures/Quinn/T_Quinn_01ID_N.uasset" 423
"G:/BestGameEver/BestGameEver/BestGameEver/Content/Characters/Mannequins/Textures/Quinn/T_Quinn_01ID_N.uexp" 424
"G:/BestGameEver/BestGameEver/BestGameEver/Content/Characters/Mannequins/Textures/Quinn/T_Quinn_01ID_BN.ubulk" 425
"G:/BestGameEver/BestGameEver/BestGameEver/Content/Characters/Mannequins/Textures/Quinn/T_Quinn_01ID_BN.uasset" 426
"G:/BestGameEver/BestGameEver/BestGameEver/Content/Characters/Mannequins/Textures/Quinn/T_Quinn_01ID_BN.uexp" 427
"G:/BestGameEver/BestGameEver/BestGameEver/Content/Characters/Mannequins/Textures/Quinn/T_Quinn_01ID_D.ubulk" 428
"G:/BestGameEver/BestGameEver/BestGameEver/Content/Characters/Mannequins/Textures/Quinn/T_Quinn_01ID_D.uasset" 429
"G:/BestGameEver/BestGameEver/BestGameEver/Content/Characters/Mannequins/Textures/Quinn/T_Quinn_01ID_D.uexp" 430
"G:/BestGameEver/BestGameEver/BestGameEver/Content/Characters/Mannequins/Textures/Quinn/T_Quinn_01ID_Tan.ubulk" 431
"G:/BestGameEver/BestGameEver/BestGameEver/Content/Characters/Mannequins/Textures/Quinn/T_Quinn_01ID_Tan.uasset" 432
"G:/BestGameEver/BestGameEver/BestGameEver/Content/Characters/Mannequins/Textures/Quinn/T_Quinn_01ID_Tan.uexp" 433
"G:/BestGameEver/BestGameEver/BestGameEver/Content/Characters/Mannequins/Textures/Quinn/T_Quinn_01_CCRCCPlastic_MSK.ubulk" 434
"G:/BestGameEver/BestGameEver/BestGameEver/Content/Characters/Mannequins/Textures/Quinn/T_Quinn_01_CCRCCPlastic_MSK.uasset" 435
"G:/BestGameEver/BestGameEver/BestGameEver/Content/Characters/Mannequins/Textures/Quinn/T_Quinn_01_CCRCCPlastic_MSK.uexp" 436
"G:/BestGameEver/BestGameEver/BestGameEver/Content/Characters/Mannequins/Materials/Instances/Quinn/MI_Quinn_01.uasset" 437
"G:/BestGameEver/BestGameEver/BestGameEver/Content/Characters/Mannequins/Materials/Instances/Quinn/MI_Quinn_01.uexp" 438
"G:/BestGameEver/BestGameEver/BestGameEver/Content/Characters/Mannequins/Textures/Quinn/T_Quinn_02ID_N.ubulk" 439
"G:/BestGameEver/BestGameEver/BestGameEver/Content/Characters/Mannequins/Textures/Quinn/T_Quinn_02ID_N.uasset" 440
"G:/BestGameEver/BestGameEver/BestGameEver/Content/Characters/Mannequins/Textures/Quinn/T_Quinn_02ID_N.uexp" 441
"G:/BestGameEver/BestGameEver/BestGameEver/Content/Characters/Mannequins/Materials/Instances/Quinn/MI_Quinn_02.uasset" 442
"G:/BestGameEver/BestGameEver/BestGameEver/Content/Characters/Mannequins/Materials/Instances/Quinn/MI_Quinn_02.uexp" 443
"G:/BestGameEver/BestGameEver/BestGameEver/Content/Characters/Mannequins/Rigs/PA_Mannequin.uasset" 444
"G:/BestGameEver/BestGameEver/BestGameEver/Content/Characters/Mannequins/Rigs/PA_Mannequin.uexp" 445
"G:/BestGameEver/BestGameEver/BestGameEver/Content/Characters/Mannequins/Meshes/SKM_Quinn_Simple.uasset" 446
"G:/BestGameEver/BestGameEver/BestGameEver/Content/Characters/Mannequins/Meshes/SKM_Quinn_Simple.uexp" 447
"G:/BestGameEver/BestGameEver/BestGameEver/Content/ThirdPerson/Input/Actions/IA_Jump.uasset" 448
"G:/BestGameEver/BestGameEver/BestGameEver/Content/ThirdPerson/Input/Actions/IA_Jump.uexp" 449
"G:/BestGameEver/BestGameEver/BestGameEver/Content/ThirdPerson/Input/Actions/IA_Look.uasset" 450
"G:/BestGameEver/BestGameEver/BestGameEver/Content/ThirdPerson/Input/Actions/IA_Look.uexp" 451
"G:/BestGameEver/BestGameEver/BestGameEver/Content/ThirdPerson/Input/Actions/IA_Move.uasset" 452
"G:/BestGameEver/BestGameEver/BestGameEver/Content/ThirdPerson/Input/Actions/IA_Move.uexp" 453
"G:/BestGameEver/BestGameEver/BestGameEver/Content/ThirdPerson/Input/IMC_Default.uasset" 454
"G:/BestGameEver/BestGameEver/BestGameEver/Content/ThirdPerson/Input/IMC_Default.uexp" 455
"G:/BestGameEver/BestGameEver/BestGameEver/Content/Dev/Blueprints/VoiceChat/SEFP_Radio.uasset" 456
"G:/BestGameEver/BestGameEver/BestGameEver/Content/Dev/Blueprints/VoiceChat/SEFP_Radio.uexp" 457
"G:/BestGameEver/BestGameEver/BestGameEver/Content/Dev/Blueprints/VoiceChat/SEPC_Radio.uasset" 458
"G:/BestGameEver/BestGameEver/BestGameEver/Content/Dev/Blueprints/VoiceChat/SEPC_Radio.uexp" 459
"../../../Engine/Content/Animation/DefaultAnimCurveCompressionSettings.uasset" 460
"../../../Engine/Content/Animation/DefaultAnimCurveCompressionSettings.uexp" 461
"../../../Engine/Content/Animation/DefaultAnimBoneCompressionSettings.uasset" 462
"../../../Engine/Content/Animation/DefaultAnimBoneCompressionSettings.uexp" 463
"G:/BestGameEver/BestGameEver/BestGameEver/Content/Characters/Mannequins/Animations/Quinn/MF_Run_Fwd.uasset" 464
"G:/BestGameEver/BestGameEver/BestGameEver/Content/Characters/Mannequins/Animations/Quinn/MF_Run_Fwd.uexp" 465
"G:/BestGameEver/BestGameEver/BestGameEver/Content/Characters/Mannequins/Animations/Quinn/MF_Walk_Fwd.uasset" 466
"G:/BestGameEver/BestGameEver/BestGameEver/Content/Characters/Mannequins/Animations/Quinn/MF_Walk_Fwd.uexp" 467
"../../../Engine/Content/Animation/DefaultRecorderBoneCompression.uasset" 468
"../../../Engine/Content/Animation/DefaultRecorderBoneCompression.uexp" 469
"G:/BestGameEver/BestGameEver/BestGameEver/Content/Characters/Mannequins/Animations/Manny/MM_Walk_InPlace.uasset" 470
"G:/BestGameEver/BestGameEver/BestGameEver/Content/Characters/Mannequins/Animations/Manny/MM_Walk_InPlace.uexp" 471
"G:/BestGameEver/BestGameEver/BestGameEver/Content/Characters/Mannequins/Animations/Quinn/BS_MF_Unarmed_WalkRun.uasset" 472
"G:/BestGameEver/BestGameEver/BestGameEver/Content/Characters/Mannequins/Animations/Quinn/BS_MF_Unarmed_WalkRun.uexp" 473
"G:/BestGameEver/BestGameEver/BestGameEver/Content/Characters/Mannequins/Animations/Quinn/MF_Idle.uasset" 474
"G:/BestGameEver/BestGameEver/BestGameEver/Content/Characters/Mannequins/Animations/Quinn/MF_Idle.uexp" 475
"../../../Engine/Content/Animation/DefaultVariableFrameStrippingSettings.uasset" 476
"../../../Engine/Content/Animation/DefaultVariableFrameStrippingSettings.uexp" 477
"G:/BestGameEver/BestGameEver/BestGameEver/Content/Characters/Mannequins/Animations/Manny/MM_Fall_Loop.uasset" 478
"G:/BestGameEver/BestGameEver/BestGameEver/Content/Characters/Mannequins/Animations/Manny/MM_Fall_Loop.uexp" 479
"G:/BestGameEver/BestGameEver/BestGameEver/Content/Characters/Mannequins/Animations/Manny/MM_Jump.uasset" 480
"G:/BestGameEver/BestGameEver/BestGameEver/Content/Characters/Mannequins/Animations/Manny/MM_Jump.uexp" 481
"../../../Engine/Plugins/Animation/ControlRig/Content/Controls/DefaultGizmoLibrary.uasset" 482
"../../../Engine/Plugins/Animation/ControlRig/Content/Controls/DefaultGizmoLibrary.uexp" 483
"G:/BestGameEver/BestGameEver/BestGameEver/Content/Characters/Mannequins/Rigs/CR_Mannequin_BasicFootIK.uasset" 484
"G:/BestGameEver/BestGameEver/BestGameEver/Content/Characters/Mannequins/Rigs/CR_Mannequin_BasicFootIK.uexp" 485
"G:/BestGameEver/BestGameEver/BestGameEver/Content/Characters/Mannequins/Animations/Manny/MM_Run_Fwd.uasset" 486
"G:/BestGameEver/BestGameEver/BestGameEver/Content/Characters/Mannequins/Animations/Manny/MM_Run_Fwd.uexp" 487
"G:/BestGameEver/BestGameEver/BestGameEver/Content/Characters/Mannequins/Animations/Manny/MM_Walk_Fwd.uasset" 488
"G:/BestGameEver/BestGameEver/BestGameEver/Content/Characters/Mannequins/Animations/Manny/MM_Walk_Fwd.uexp" 489
"G:/BestGameEver/BestGameEver/BestGameEver/Content/Characters/Mannequins/Animations/Manny/BS_MM_WalkRun.uasset" 490
"G:/BestGameEver/BestGameEver/BestGameEver/Content/Characters/Mannequins/Animations/Manny/BS_MM_WalkRun.uexp" 491
"G:/BestGameEver/BestGameEver/BestGameEver/Content/Characters/Mannequins/Animations/Manny/MM_Land.uasset" 492
"G:/BestGameEver/BestGameEver/BestGameEver/Content/Characters/Mannequins/Animations/Manny/MM_Land.uexp" 493
"G:/BestGameEver/BestGameEver/BestGameEver/Content/Characters/Mannequins/Animations/Manny/MM_Idle.uasset" 494
"G:/BestGameEver/BestGameEver/BestGameEver/Content/Characters/Mannequins/Animations/Manny/MM_Idle.uexp" 495
"G:/BestGameEver/BestGameEver/BestGameEver/Content/Characters/Mannequins/Animations/ABP_Manny.uasset" 496
"G:/BestGameEver/BestGameEver/BestGameEver/Content/Characters/Mannequins/Animations/ABP_Manny.uexp" 497
"G:/BestGameEver/BestGameEver/BestGameEver/Content/Characters/Mannequins/Animations/ABP_Quinn.uasset" 498
"G:/BestGameEver/BestGameEver/BestGameEver/Content/Characters/Mannequins/Animations/ABP_Quinn.uexp" 499
"G:/BestGameEver/BestGameEver/BestGameEver/Content/Dev/Blueprints/Lobby/BP_LobbyPC.uasset" 500
"G:/BestGameEver/BestGameEver/BestGameEver/Content/Dev/Blueprints/Lobby/BP_LobbyPC.uexp" 501
"G:/BestGameEver/BestGameEver/BestGameEver/Content/Dev/Blueprints/Lobby/WB_LobbyUI.uasset" 502
"G:/BestGameEver/BestGameEver/BestGameEver/Content/Dev/Blueprints/Lobby/WB_LobbyUI.uexp" 503
"../../../Engine/Content/EngineMaterials/T_Default_Material_Grid_M.ubulk" 504
"../../../Engine/Content/EngineMaterials/T_Default_Material_Grid_M.uasset" 505
"../../../Engine/Content/EngineMaterials/T_Default_Material_Grid_M.uexp" 506
"../../../Engine/Content/EngineMaterials/T_Default_Material_Grid_N.ubulk" 507
"../../../Engine/Content/EngineMaterials/T_Default_Material_Grid_N.uasset" 508
"../../../Engine/Content/EngineMaterials/T_Default_Material_Grid_N.uexp" 509
"../../../Engine/Content/Functions/Engine_MaterialFunctions01/Opacity/CameraDepthFade.uasset" 510
"../../../Engine/Content/Functions/Engine_MaterialFunctions01/Opacity/CameraDepthFade.uexp" 511
"../../../Engine/Content/EngineMaterials/WorldGridMaterial.uasset" 512
"../../../Engine/Content/EngineMaterials/WorldGridMaterial.uexp" 513
"../../../Engine/Content/BasicShapes/Cube.ubulk" 514
"../../../Engine/Content/BasicShapes/Cube.uasset" 515
"../../../Engine/Content/BasicShapes/Cube.uexp" 516
"G:/BestGameEver/BestGameEver/BestGameEver/Content/Dev/Blueprints/Lobby/WB_SteamFriends.uasset" 517
"G:/BestGameEver/BestGameEver/BestGameEver/Content/Dev/Blueprints/Lobby/WB_SteamFriends.uexp" 518
"G:/BestGameEver/BestGameEver/BestGameEver/Content/Dev/Blueprints/Lobby/WB_SteamFriendList.uasset" 519
"G:/BestGameEver/BestGameEver/BestGameEver/Content/Dev/Blueprints/Lobby/WB_SteamFriendList.uexp" 520
"G:/BestGameEver/BestGameEver/BestGameEver/Content/Dev/Blueprints/Lobby/BP_FriendList.uasset" 521
"G:/BestGameEver/BestGameEver/BestGameEver/Content/Dev/Blueprints/Lobby/BP_FriendList.uexp" 522
"../../../Engine/Content/BasicShapes/BasicShapeMaterial.uasset" 523
"../../../Engine/Content/BasicShapes/BasicShapeMaterial.uexp" 524
"G:/BestGameEver/BestGameEver/BestGameEver/Content/Dev/Blueprints/Lobby/WB_OpenFriendListButton.uasset" 525
"G:/BestGameEver/BestGameEver/BestGameEver/Content/Dev/Blueprints/Lobby/WB_OpenFriendListButton.uexp" 526
"G:/BestGameEver/BestGameEver/BestGameEver/Content/Dev/Blueprints/Lobby/BP_LobbyPlayerPlatform.uasset" 527
"G:/BestGameEver/BestGameEver/BestGameEver/Content/Dev/Blueprints/Lobby/BP_LobbyPlayerPlatform.uexp" 528
"G:/BestGameEver/BestGameEver/BestGameEver/Content/Dev/Blueprints/Lobby/Lobby_Pawn.uasset" 529
"G:/BestGameEver/BestGameEver/BestGameEver/Content/Dev/Blueprints/Lobby/Lobby_Pawn.uexp" 530
"G:/BestGameEver/BestGameEver/BestGameEver/Content/Dev/Blueprints/VoiceChat/BPI_GameMode.uasset" 531
"G:/BestGameEver/BestGameEver/BestGameEver/Content/Dev/Blueprints/VoiceChat/BPI_GameMode.uexp" 532
"G:/BestGameEver/BestGameEver/BestGameEver/Content/Dev/Blueprints/Lobby/Lobby_GM.uasset" 533
"G:/BestGameEver/BestGameEver/BestGameEver/Content/Dev/Blueprints/Lobby/Lobby_GM.uexp" 534
"G:/BestGameEver/BestGameEver/BestGameEver/Content/Dev/Blueprints/Lobby/WB_PlayerLobbyInfo.uasset" 535
"G:/BestGameEver/BestGameEver/BestGameEver/Content/Dev/Blueprints/Lobby/WB_PlayerLobbyInfo.uexp" 536
"G:/BestGameEver/BestGameEver/BestGameEver/Content/Dev/Blueprints/VoiceChat/SA_VOIP.uasset" 537
"G:/BestGameEver/BestGameEver/BestGameEver/Content/Dev/Blueprints/VoiceChat/SA_VOIP.uexp" 538
"G:/BestGameEver/BestGameEver/BestGameEver/Content/ThirdPerson/Blueprints/BP_ThirdPersonCharacter.uasset" 539
"G:/BestGameEver/BestGameEver/BestGameEver/Content/ThirdPerson/Blueprints/BP_ThirdPersonCharacter.uexp" 540
"../../../Engine/Content/EngineSounds/Master.uasset" 541
"../../../Engine/Content/EngineSounds/Master.uexp" 542
"../../../Engine/Content/EngineSounds/Voice.uasset" 543
"../../../Engine/Content/EngineSounds/Voice.uexp" 544
"G:/BestGameEver/BestGameEver/BestGameEver/Content/Dev/Blueprints/VoiceChat/SCM_UnMuteVoice.uasset" 545
"G:/BestGameEver/BestGameEver/BestGameEver/Content/Dev/Blueprints/VoiceChat/SCM_UnMuteVoice.uexp" 546
"G:/BestGameEver/BestGameEver/BestGameEver/Content/Dev/Blueprints/VoiceChat/SCM_MuteVoice.uasset" 547
"G:/BestGameEver/BestGameEver/BestGameEver/Content/Dev/Blueprints/VoiceChat/SCM_MuteVoice.uexp" 548
"G:/BestGameEver/BestGameEver/BestGameEver/Content/Dev/Blueprints/Character/PC_MainPlayer.uasset" 549
"G:/BestGameEver/BestGameEver/BestGameEver/Content/Dev/Blueprints/Character/PC_MainPlayer.uexp" 550
"G:/BestGameEver/BestGameEver/BestGameEver/Content/ThirdPerson/Blueprints/BP_ThirdPersonGameMode.uasset" 551
"G:/BestGameEver/BestGameEver/BestGameEver/Content/ThirdPerson/Blueprints/BP_ThirdPersonGameMode.uexp" 552
"../../../Engine/Content/Functions/Engine_MaterialFunctions01/Shading/PowerToRoughness.uasset" 553
"../../../Engine/Content/Functions/Engine_MaterialFunctions01/Shading/PowerToRoughness.uexp" 554
"../../../Engine/Content/Functions/Engine_MaterialFunctions01/Shading/ConvertFromDiffSpec.uasset" 555
"../../../Engine/Content/Functions/Engine_MaterialFunctions01/Shading/ConvertFromDiffSpec.uexp" 556
"../../../Engine/Content/EngineMaterials/Substrate/Volume/SubstrateSimpleVolumeLUT3D.uasset" 557
"../../../Engine/Content/EngineMaterials/Substrate/Volume/SubstrateSimpleVolumeLUT3D.uexp" 558
"../../../Engine/Content/EngineMaterials/Substrate/Volume/SubstrateSimpleVolumeEnvLUT3D.uasset" 559
"../../../Engine/Content/EngineMaterials/Substrate/Volume/SubstrateSimpleVolumeEnvLUT3D.uexp" 560
"../../../Engine/Content/EngineMaterials/Substrate/GLints2/AGlintTex2dArray2.uasset" 561
"../../../Engine/Content/EngineMaterials/Substrate/GLints2/AGlintTex2dArray2.uexp" 562
"../../../Engine/Content/EngineMaterials/Substrate/GLints/AGlintTex2dArray.uasset" 563
"../../../Engine/Content/EngineMaterials/Substrate/GLints/AGlintTex2dArray.uexp" 564
"G:/BestGameEver/BestGameEver/BestGameEver/Content/Dev/Blueprints/Lobby/MyGameInstance.uasset" 565
"G:/BestGameEver/BestGameEver/BestGameEver/Content/Dev/Blueprints/Lobby/MyGameInstance.uexp" 566
"../../../Engine/Content/EngineMeshes/Sphere.ubulk" 567
"../../../Engine/Content/EngineMeshes/Sphere.uasset" 568
"../../../Engine/Content/EngineMeshes/Sphere.uexp" 569
"../../../Engine/Content/ArtTools/RenderToTexture/Meshes/S_1_Unit_Plane.ubulk" 570
"../../../Engine/Content/ArtTools/RenderToTexture/Meshes/S_1_Unit_Plane.uasset" 571
"../../../Engine/Content/ArtTools/RenderToTexture/Meshes/S_1_Unit_Plane.uexp" 572
"../../../Engine/Content/EditorMaterials/Camera/CineMat.uasset" 573
"../../../Engine/Content/EditorMaterials/Camera/CineMat.uexp" 574
"../../../Engine/Content/EditorMaterials/Camera/MI_CineMat_Rig.uasset" 575
"../../../Engine/Content/EditorMaterials/Camera/MI_CineMat_Rig.uexp" 576
"../../../Engine/Content/EditorMeshes/Camera/SM_CraneRig_Arm.ubulk" 577
"../../../Engine/Content/EditorMeshes/Camera/SM_CraneRig_Arm.uasset" 578
"../../../Engine/Content/EditorMeshes/Camera/SM_CraneRig_Arm.uexp" 579
"../../../Engine/Content/EditorMeshes/Camera/SM_CraneRig_Base.ubulk" 580
"../../../Engine/Content/EditorMeshes/Camera/SM_CraneRig_Base.uasset" 581
"../../../Engine/Content/EditorMeshes/Camera/SM_CraneRig_Base.uexp" 582
"../../../Engine/Content/EditorMeshes/Camera/SM_CraneRig_Body.ubulk" 583
"../../../Engine/Content/EditorMeshes/Camera/SM_CraneRig_Body.uasset" 584
"../../../Engine/Content/EditorMeshes/Camera/SM_CraneRig_Body.uexp" 585
"../../../Engine/Content/EditorMeshes/Camera/SM_CraneRig_Mount.ubulk" 586
"../../../Engine/Content/EditorMeshes/Camera/SM_CraneRig_Mount.uasset" 587
"../../../Engine/Content/EditorMeshes/Camera/SM_CraneRig_Mount.uexp" 588
"../../../Engine/Content/EditorMeshes/Camera/SM_RailRig_Mount.ubulk" 589
"../../../Engine/Content/EditorMeshes/Camera/SM_RailRig_Mount.uasset" 590
"../../../Engine/Content/EditorMeshes/Camera/SM_RailRig_Mount.uexp" 591
"../../../Engine/Content/EditorMeshes/Camera/SM_RailRig_Track.ubulk" 592
"../../../Engine/Content/EditorMeshes/Camera/SM_RailRig_Track.uasset" 593
"../../../Engine/Content/EditorMeshes/Camera/SM_RailRig_Track.uexp" 594
"../../../Engine/Content/EngineSky/VolumetricClouds/T_CloudMask.ubulk" 595
"../../../Engine/Content/EngineSky/VolumetricClouds/T_CloudMask.uasset" 596
"../../../Engine/Content/EngineSky/VolumetricClouds/T_CloudMask.uexp" 597
"../../../Engine/Content/EngineSky/VolumetricClouds/VT_Lightning.uasset" 598
"../../../Engine/Content/EngineSky/VolumetricClouds/VT_Lightning.uexp" 599
"../../../Engine/Content/EngineSky/VolumetricClouds/T_Profile_08.ubulk" 600
"../../../Engine/Content/EngineSky/VolumetricClouds/T_Profile_08.uasset" 601
"../../../Engine/Content/EngineSky/VolumetricClouds/T_Profile_08.uexp" 602
"../../../Engine/Content/Functions/Engine_MaterialFunctions02/Utility/MakeFloat4.uasset" 603
"../../../Engine/Content/Functions/Engine_MaterialFunctions02/Utility/MakeFloat4.uexp" 604
"../../../Engine/Content/Functions/Engine_MaterialFunctions01/Units/Km-to-Cm.uasset" 605
"../../../Engine/Content/Functions/Engine_MaterialFunctions01/Units/Km-to-Cm.uexp" 606
"../../../Engine/Content/Functions/Engine_MaterialFunctions02/Utility/BreakOutFloat4Components.uasset" 607
"../../../Engine/Content/Functions/Engine_MaterialFunctions02/Utility/BreakOutFloat4Components.uexp" 608
"../../../Engine/Content/EngineSky/VolumetricClouds/T_CloudPattern.ubulk" 609
"../../../Engine/Content/EngineSky/VolumetricClouds/T_CloudPattern.uasset" 610
"../../../Engine/Content/EngineSky/VolumetricClouds/T_CloudPattern.uexp" 611
"../../../Engine/Content/EngineSky/VolumetricClouds/VT_PerlinWorley_Balanced.uasset" 612
"../../../Engine/Content/EngineSky/VolumetricClouds/VT_PerlinWorley_Balanced.uexp" 613
"../../../Engine/Content/EngineSky/VolumetricClouds/m_SimpleVolumetricCloud.uasset" 614
"../../../Engine/Content/EngineSky/VolumetricClouds/m_SimpleVolumetricCloud.uexp" 615
"../../../Engine/Content/EngineSky/VolumetricClouds/m_SimpleVolumetricCloud_Inst.uasset" 616
"../../../Engine/Content/EngineSky/VolumetricClouds/m_SimpleVolumetricCloud_Inst.uexp" 617
"../../../Engine/Content/VREditor/LaserPointer/VR_LaserPower_01.ubulk" 618
"../../../Engine/Content/VREditor/LaserPointer/VR_LaserPower_01.uasset" 619
"../../../Engine/Content/VREditor/LaserPointer/VR_LaserPower_01.uexp" 620
"../../../Engine/Content/VREditor/TransformGizmo/TransformGizmoMaterial.uasset" 621
"../../../Engine/Content/VREditor/TransformGizmo/TransformGizmoMaterial.uexp" 622
"../../../Engine/Content/VREditor/TransformGizmo/TranslucentTransformGizmoMaterial.uasset" 623
"../../../Engine/Content/VREditor/TransformGizmo/TranslucentTransformGizmoMaterial.uexp" 624
"../../../Engine/Content/VREditor/TransformGizmo/BoundingBoxCorner.ubulk" 625
"../../../Engine/Content/VREditor/TransformGizmo/BoundingBoxCorner.uasset" 626
"../../../Engine/Content/VREditor/TransformGizmo/BoundingBoxCorner.uexp" 627
"../../../Engine/Content/VREditor/TransformGizmo/BoundingBoxEdge.ubulk" 628
"../../../Engine/Content/VREditor/TransformGizmo/BoundingBoxEdge.uasset" 629
"../../../Engine/Content/VREditor/TransformGizmo/BoundingBoxEdge.uexp" 630
"../../../Engine/Content/VREditor/TransformGizmo/Main.uasset" 631
"../../../Engine/Content/VREditor/TransformGizmo/Main.uexp" 632
"../../../Engine/Content/VREditor/TransformGizmo/Xray.uasset" 633
"../../../Engine/Content/VREditor/TransformGizmo/Xray.uexp" 634
"../../../Engine/Content/VREditor/TransformGizmo/SM_Sequencer_Node.ubulk" 635
"../../../Engine/Content/VREditor/TransformGizmo/SM_Sequencer_Node.uasset" 636
"../../../Engine/Content/VREditor/TransformGizmo/SM_Sequencer_Node.uexp" 637
"../../../Engine/Content/Functions/Engine_MaterialFunctions02/Math/Transform3x3Matrix.uasset" 638
"../../../Engine/Content/Functions/Engine_MaterialFunctions02/Math/Transform3x3Matrix.uexp" 639
"../../../Engine/Plugins/Interchange/Assets/Content/gltf/Textures/T_White_srgb.uasset" 640
"../../../Engine/Plugins/Interchange/Assets/Content/gltf/Textures/T_White_srgb.uexp" 641
"../../../Engine/Plugins/Interchange/Assets/Content/gltf/MaterialFunctions/MF_Specular.uasset" 642
"../../../Engine/Plugins/Interchange/Assets/Content/gltf/MaterialFunctions/MF_Specular.uexp" 643
"../../../Engine/Plugins/Interchange/Assets/Content/gltf/Textures/T_Anisotropy_Direction_Linear.uasset" 644
"../../../Engine/Plugins/Interchange/Assets/Content/gltf/Textures/T_Anisotropy_Direction_Linear.uexp" 645
"../../../Engine/Plugins/Interchange/Assets/Content/gltf/MaterialFunctions/MF_SpecularAnisotropy.uasset" 646
"../../../Engine/Plugins/Interchange/Assets/Content/gltf/MaterialFunctions/MF_SpecularAnisotropy.uexp" 647
"../../../Engine/Plugins/Interchange/Assets/Content/gltf/Textures/T_White_Linear.uasset" 648
"../../../Engine/Plugins/Interchange/Assets/Content/gltf/Textures/T_White_Linear.uexp" 649
"../../../Engine/Plugins/Interchange/Assets/Content/gltf/MaterialFunctions/MF_MetallicRoughness.uasset" 650
"../../../Engine/Plugins/Interchange/Assets/Content/gltf/MaterialFunctions/MF_MetallicRoughness.uexp" 651
"../../../Engine/Plugins/Interchange/Assets/Content/gltf/Textures/T_Generic_N.uasset" 652
"../../../Engine/Plugins/Interchange/Assets/Content/gltf/Textures/T_Generic_N.uexp" 653
"../../../Engine/Plugins/Interchange/Assets/Content/gltf/MaterialFunctions/MF_ScaleNormal.uasset" 654
"../../../Engine/Plugins/Interchange/Assets/Content/gltf/MaterialFunctions/MF_ScaleNormal.uexp" 655
"../../../Engine/Plugins/Interchange/Assets/Content/gltf/MaterialFunctions/MF_BaseColor.uasset" 656
"../../../Engine/Plugins/Interchange/Assets/Content/gltf/MaterialFunctions/MF_BaseColor.uexp" 657
"../../../Engine/Plugins/Interchange/Assets/Content/gltf/MaterialFunctions/MF_Iridescence.uasset" 658
"../../../Engine/Plugins/Interchange/Assets/Content/gltf/MaterialFunctions/MF_Iridescence.uexp" 659
"../../../Engine/Plugins/Interchange/Assets/Content/gltf/MaterialFunctions/MF_Occlusion.uasset" 660
"../../../Engine/Plugins/Interchange/Assets/Content/gltf/MaterialFunctions/MF_Occlusion.uexp" 661
"../../../Engine/Plugins/Interchange/Assets/Content/gltf/MaterialFunctions/MF_IOR.uasset" 662
"../../../Engine/Plugins/Interchange/Assets/Content/gltf/MaterialFunctions/MF_IOR.uexp" 663
"../../../Engine/Plugins/Interchange/Assets/Content/gltf/MaterialFunctions/MF_RotateV2.uasset" 664
"../../../Engine/Plugins/Interchange/Assets/Content/gltf/MaterialFunctions/MF_RotateV2.uexp" 665
"../../../Engine/Plugins/Interchange/Assets/Content/gltf/MaterialFunctions/MF_TransformUVs.uasset" 666
"../../../Engine/Plugins/Interchange/Assets/Content/gltf/MaterialFunctions/MF_TransformUVs.uexp" 667
"../../../Engine/Plugins/Interchange/Assets/Content/gltf/MaterialFunctions/MF_Emissive.uasset" 668
"../../../Engine/Plugins/Interchange/Assets/Content/gltf/MaterialFunctions/MF_Emissive.uexp" 669
"../../../Engine/Plugins/Interchange/Assets/Content/gltf/MaterialFunctions/MF_RotateNormals_TS.uasset" 670
"../../../Engine/Plugins/Interchange/Assets/Content/gltf/MaterialFunctions/MF_RotateNormals_TS.uexp" 671
"../../../Engine/Plugins/Interchange/Assets/Content/gltf/MaterialFunctions/MF_Normals.uasset" 672
"../../../Engine/Plugins/Interchange/Assets/Content/gltf/MaterialFunctions/MF_Normals.uexp" 673
"../../../Engine/Content/Functions/Engine_MaterialFunctions01/Texturing/FlattenNormal.uasset" 674
"../../../Engine/Content/Functions/Engine_MaterialFunctions01/Texturing/FlattenNormal.uexp" 675
"../../../Engine/Plugins/Interchange/Assets/Content/gltf/MaterialFunctions/MF_Clearcoat.uasset" 676
"../../../Engine/Plugins/Interchange/Assets/Content/gltf/MaterialFunctions/MF_Clearcoat.uexp" 677
"../../../Engine/Plugins/Interchange/Assets/Content/gltf/MaterialBodies/MF_ClearCoat_Body.uasset" 678
"../../../Engine/Plugins/Interchange/Assets/Content/gltf/MaterialBodies/MF_ClearCoat_Body.uexp" 679
"../../../Engine/Plugins/Interchange/Assets/Content/gltf/M_ClearCoat.uasset" 680
"../../../Engine/Plugins/Interchange/Assets/Content/gltf/M_ClearCoat.uexp" 681
"../../../Engine/Plugins/Interchange/Assets/Content/gltf/MaterialInstances/MI_ClearCoat_Blend.uasset" 682
"../../../Engine/Plugins/Interchange/Assets/Content/gltf/MaterialInstances/MI_ClearCoat_Blend.uexp" 683
"../../../Engine/Plugins/Interchange/Assets/Content/gltf/MaterialInstances/MI_ClearCoat_Blend_DS.uasset" 684
"../../../Engine/Plugins/Interchange/Assets/Content/gltf/MaterialInstances/MI_ClearCoat_Blend_DS.uexp" 685
"../../../Engine/Plugins/Interchange/Assets/Content/gltf/MaterialInstances/MI_ClearCoat_Mask.uasset" 686
"../../../Engine/Plugins/Interchange/Assets/Content/gltf/MaterialInstances/MI_ClearCoat_Mask.uexp" 687
"../../../Engine/Plugins/Interchange/Assets/Content/gltf/MaterialInstances/MI_ClearCoat_Mask_DS.uasset" 688
"../../../Engine/Plugins/Interchange/Assets/Content/gltf/MaterialInstances/MI_ClearCoat_Mask_DS.uexp" 689
"../../../Engine/Plugins/Interchange/Assets/Content/gltf/MaterialInstances/MI_ClearCoat_Opaque.uasset" 690
"../../../Engine/Plugins/Interchange/Assets/Content/gltf/MaterialInstances/MI_ClearCoat_Opaque.uexp" 691
"../../../Engine/Plugins/Interchange/Assets/Content/gltf/MaterialInstances/MI_ClearCoat_Opaque_DS.uasset" 692
"../../../Engine/Plugins/Interchange/Assets/Content/gltf/MaterialInstances/MI_ClearCoat_Opaque_DS.uexp" 693
"../../../Engine/Plugins/Interchange/Assets/Content/gltf/MaterialBodies/MF_Default_Body.uasset" 694
"../../../Engine/Plugins/Interchange/Assets/Content/gltf/MaterialBodies/MF_Default_Body.uexp" 695
"../../../Engine/Plugins/Interchange/Assets/Content/gltf/M_Default.uasset" 696
"../../../Engine/Plugins/Interchange/Assets/Content/gltf/M_Default.uexp" 697
"../../../Engine/Plugins/Interchange/Assets/Content/gltf/MaterialInstances/MI_Default_Blend.uasset" 698
"../../../Engine/Plugins/Interchange/Assets/Content/gltf/MaterialInstances/MI_Default_Blend.uexp" 699
"../../../Engine/Plugins/Interchange/Assets/Content/gltf/MaterialInstances/MI_Default_Blend_DS.uasset" 700
"../../../Engine/Plugins/Interchange/Assets/Content/gltf/MaterialInstances/MI_Default_Blend_DS.uexp" 701
"../../../Engine/Plugins/Interchange/Assets/Content/gltf/MaterialInstances/MI_Default_Mask.uasset" 702
"../../../Engine/Plugins/Interchange/Assets/Content/gltf/MaterialInstances/MI_Default_Mask.uexp" 703
"../../../Engine/Plugins/Interchange/Assets/Content/gltf/MaterialInstances/MI_Default_Mask_DS.uasset" 704
"../../../Engine/Plugins/Interchange/Assets/Content/gltf/MaterialInstances/MI_Default_Mask_DS.uexp" 705
"../../../Engine/Plugins/Interchange/Assets/Content/gltf/MaterialInstances/MI_Default_Opaque.uasset" 706
"../../../Engine/Plugins/Interchange/Assets/Content/gltf/MaterialInstances/MI_Default_Opaque.uexp" 707
"../../../Engine/Plugins/Interchange/Assets/Content/gltf/MaterialInstances/MI_Default_Opaque_DS.uasset" 708
"../../../Engine/Plugins/Interchange/Assets/Content/gltf/MaterialInstances/MI_Default_Opaque_DS.uexp" 709
"../../../Engine/Plugins/Interchange/Assets/Content/gltf/MaterialFunctions/MF_Sheen.uasset" 710
"../../../Engine/Plugins/Interchange/Assets/Content/gltf/MaterialFunctions/MF_Sheen.uexp" 711
"../../../Engine/Plugins/Interchange/Assets/Content/gltf/MaterialBodies/MF_Sheen_Body.uasset" 712
"../../../Engine/Plugins/Interchange/Assets/Content/gltf/MaterialBodies/MF_Sheen_Body.uexp" 713
"../../../Engine/Plugins/Interchange/Assets/Content/gltf/M_Sheen.uasset" 714
"../../../Engine/Plugins/Interchange/Assets/Content/gltf/M_Sheen.uexp" 715
"../../../Engine/Plugins/Interchange/Assets/Content/gltf/MaterialInstances/MI_Sheen_Blend.uasset" 716
"../../../Engine/Plugins/Interchange/Assets/Content/gltf/MaterialInstances/MI_Sheen_Blend.uexp" 717
"../../../Engine/Plugins/Interchange/Assets/Content/gltf/MaterialInstances/MI_Sheen_Blend_DS.uasset" 718
"../../../Engine/Plugins/Interchange/Assets/Content/gltf/MaterialInstances/MI_Sheen_Blend_DS.uexp" 719
"../../../Engine/Plugins/Interchange/Assets/Content/gltf/MaterialInstances/MI_Sheen_Mask.uasset" 720
"../../../Engine/Plugins/Interchange/Assets/Content/gltf/MaterialInstances/MI_Sheen_Mask.uexp" 721
"../../../Engine/Plugins/Interchange/Assets/Content/gltf/MaterialInstances/MI_Sheen_Mask_DS.uasset" 722
"../../../Engine/Plugins/Interchange/Assets/Content/gltf/MaterialInstances/MI_Sheen_Mask_DS.uexp" 723
"../../../Engine/Plugins/Interchange/Assets/Content/gltf/MaterialInstances/MI_Sheen_Opaque.uasset" 724
"../../../Engine/Plugins/Interchange/Assets/Content/gltf/MaterialInstances/MI_Sheen_Opaque.uexp" 725
"../../../Engine/Plugins/Interchange/Assets/Content/gltf/MaterialInstances/MI_Sheen_Opaque_DS.uasset" 726
"../../../Engine/Plugins/Interchange/Assets/Content/gltf/MaterialInstances/MI_Sheen_Opaque_DS.uexp" 727
"../../../Engine/Content/Functions/Engine_MaterialFunctions02/Math/AddComponents.uasset" 728
"../../../Engine/Content/Functions/Engine_MaterialFunctions02/Math/AddComponents.uexp" 729
"../../../Engine/Plugins/Interchange/Assets/Content/gltf/MaterialFunctions/MF_DiffuseSpecGloss.uasset" 730
"../../../Engine/Plugins/Interchange/Assets/Content/gltf/MaterialFunctions/MF_DiffuseSpecGloss.uexp" 731
"../../../Engine/Plugins/Interchange/Assets/Content/gltf/MaterialFunctions/MF_PerceivedBrightness.uasset" 732
"../../../Engine/Plugins/Interchange/Assets/Content/gltf/MaterialFunctions/MF_PerceivedBrightness.uexp" 733
"../../../Engine/Plugins/Interchange/Assets/Content/gltf/MaterialFunctions/MF_SpecGlossToMetalRoughness.uasset" 734
"../../../Engine/Plugins/Interchange/Assets/Content/gltf/MaterialFunctions/MF_SpecGlossToMetalRoughness.uexp" 735
"../../../Engine/Plugins/Interchange/Assets/Content/gltf/MaterialFunctions/MF_MaxComponentValue.uasset" 736
"../../../Engine/Plugins/Interchange/Assets/Content/gltf/MaterialFunctions/MF_MaxComponentValue.uexp" 737
"../../../Engine/Plugins/Interchange/Assets/Content/gltf/MaterialBodies/MF_SpecularGlossiness_Body.uasset" 738
"../../../Engine/Plugins/Interchange/Assets/Content/gltf/MaterialBodies/MF_SpecularGlossiness_Body.uexp" 739
"../../../Engine/Plugins/Interchange/Assets/Content/gltf/M_SpecularGlossiness.uasset" 740
"../../../Engine/Plugins/Interchange/Assets/Content/gltf/M_SpecularGlossiness.uexp" 741
"../../../Engine/Plugins/Interchange/Assets/Content/gltf/MaterialInstances/MI_SpecularGlossiness_Blend.uasset" 742
"../../../Engine/Plugins/Interchange/Assets/Content/gltf/MaterialInstances/MI_SpecularGlossiness_Blend.uexp" 743
"../../../Engine/Plugins/Interchange/Assets/Content/gltf/MaterialInstances/MI_SpecularGlossiness_Blend_DS.uasset" 744
"../../../Engine/Plugins/Interchange/Assets/Content/gltf/MaterialInstances/MI_SpecularGlossiness_Blend_DS.uexp" 745
"../../../Engine/Plugins/Interchange/Assets/Content/gltf/MaterialInstances/MI_SpecularGlossiness_Mask.uasset" 746
"../../../Engine/Plugins/Interchange/Assets/Content/gltf/MaterialInstances/MI_SpecularGlossiness_Mask.uexp" 747
"../../../Engine/Plugins/Interchange/Assets/Content/gltf/MaterialInstances/MI_SpecularGlossiness_Mask_DS.uasset" 748
"../../../Engine/Plugins/Interchange/Assets/Content/gltf/MaterialInstances/MI_SpecularGlossiness_Mask_DS.uexp" 749
"../../../Engine/Plugins/Interchange/Assets/Content/gltf/MaterialInstances/MI_SpecularGlossiness_Opaque.uasset" 750
"../../../Engine/Plugins/Interchange/Assets/Content/gltf/MaterialInstances/MI_SpecularGlossiness_Opaque.uexp" 751
"../../../Engine/Plugins/Interchange/Assets/Content/gltf/MaterialInstances/MI_SpecularGlossiness_Opaque_DS.uasset" 752
"../../../Engine/Plugins/Interchange/Assets/Content/gltf/MaterialInstances/MI_SpecularGlossiness_Opaque_DS.uexp" 753
"../../../Engine/Content/EngineMaterials/Good64x64TilingNoiseHighFreq.uasset" 754
"../../../Engine/Content/EngineMaterials/Good64x64TilingNoiseHighFreq.uexp" 755
"../../../Engine/Content/Functions/Engine_MaterialFunctions02/Texturing/ScreenAlignedPixelToPixelUVs.uasset" 756
"../../../Engine/Content/Functions/Engine_MaterialFunctions02/Texturing/ScreenAlignedPixelToPixelUVs.uexp" 757
"../../../Engine/Plugins/Interchange/Assets/Content/gltf/MaterialFunctions/MF_Temporal_Blur.uasset" 758
"../../../Engine/Plugins/Interchange/Assets/Content/gltf/MaterialFunctions/MF_Temporal_Blur.uexp" 759
"../../../Engine/Plugins/Interchange/Assets/Content/gltf/MaterialFunctions/MF_Fresnel_DS.uasset" 760
"../../../Engine/Plugins/Interchange/Assets/Content/gltf/MaterialFunctions/MF_Fresnel_DS.uexp" 761
"../../../Engine/Plugins/Interchange/Assets/Content/gltf/MaterialFunctions/MF_Transmission.uasset" 762
"../../../Engine/Plugins/Interchange/Assets/Content/gltf/MaterialFunctions/MF_Transmission.uexp" 763
"../../../Engine/Plugins/Interchange/Assets/Content/gltf/MaterialBodies/MF_Transmission_Body.uasset" 764
"../../../Engine/Plugins/Interchange/Assets/Content/gltf/MaterialBodies/MF_Transmission_Body.uexp" 765
"../../../Engine/Plugins/Interchange/Assets/Content/gltf/M_Transmission.uasset" 766
"../../../Engine/Plugins/Interchange/Assets/Content/gltf/M_Transmission.uexp" 767
"../../../Engine/Plugins/Interchange/Assets/Content/gltf/MaterialInstances/MI_Transmission.uasset" 768
"../../../Engine/Plugins/Interchange/Assets/Content/gltf/MaterialInstances/MI_Transmission.uexp" 769
"../../../Engine/Plugins/Interchange/Assets/Content/gltf/MaterialInstances/MI_Transmission_DS.uasset" 770
"../../../Engine/Plugins/Interchange/Assets/Content/gltf/MaterialInstances/MI_Transmission_DS.uexp" 771
"../../../Engine/Plugins/Interchange/Assets/Content/gltf/MaterialBodies/MF_Unlit_Body.uasset" 772
"../../../Engine/Plugins/Interchange/Assets/Content/gltf/MaterialBodies/MF_Unlit_Body.uexp" 773
"../../../Engine/Plugins/Interchange/Assets/Content/gltf/M_Unlit.uasset" 774
"../../../Engine/Plugins/Interchange/Assets/Content/gltf/M_Unlit.uexp" 775
"../../../Engine/Plugins/Interchange/Assets/Content/gltf/MaterialInstances/MI_Unlit_Blend.uasset" 776
"../../../Engine/Plugins/Interchange/Assets/Content/gltf/MaterialInstances/MI_Unlit_Blend.uexp" 777
"../../../Engine/Plugins/Interchange/Assets/Content/gltf/MaterialInstances/MI_Unlit_Blend_DS.uasset" 778
"../../../Engine/Plugins/Interchange/Assets/Content/gltf/MaterialInstances/MI_Unlit_Blend_DS.uexp" 779
"../../../Engine/Plugins/Interchange/Assets/Content/gltf/MaterialInstances/MI_Unlit_Mask.uasset" 780
"../../../Engine/Plugins/Interchange/Assets/Content/gltf/MaterialInstances/MI_Unlit_Mask.uexp" 781
"../../../Engine/Plugins/Interchange/Assets/Content/gltf/MaterialInstances/MI_Unlit_Mask_DS.uasset" 782
"../../../Engine/Plugins/Interchange/Assets/Content/gltf/MaterialInstances/MI_Unlit_Mask_DS.uexp" 783
"../../../Engine/Plugins/Interchange/Assets/Content/gltf/MaterialInstances/MI_Unlit_Opaque.uasset" 784
"../../../Engine/Plugins/Interchange/Assets/Content/gltf/MaterialInstances/MI_Unlit_Opaque.uexp" 785
"../../../Engine/Plugins/Interchange/Assets/Content/gltf/MaterialInstances/MI_Unlit_Opaque_DS.uasset" 786
"../../../Engine/Plugins/Interchange/Assets/Content/gltf/MaterialInstances/MI_Unlit_Opaque_DS.uexp" 787
"../../../Engine/Content/EngineMaterials/DefaultMaterial.uasset" 788
"../../../Engine/Content/EngineMaterials/DefaultMaterial.uexp" 789
"../../../Engine/Content/BasicShapes/Cone.ubulk" 790
"../../../Engine/Content/BasicShapes/Cone.uasset" 791
"../../../Engine/Content/BasicShapes/Cone.uexp" 792
"../../../Engine/Content/BasicShapes/Cylinder.ubulk" 793
"../../../Engine/Content/BasicShapes/Cylinder.uasset" 794
"../../../Engine/Content/BasicShapes/Cylinder.uexp" 795
"../../../Engine/Content/BasicShapes/Plane.ubulk" 796
"../../../Engine/Content/BasicShapes/Plane.uasset" 797
"../../../Engine/Content/BasicShapes/Plane.uexp" 798
"../../../Engine/Content/BasicShapes/Sphere.ubulk" 799
"../../../Engine/Content/BasicShapes/Sphere.uasset" 800
"../../../Engine/Content/BasicShapes/Sphere.uexp" 801
"../../../Engine/Content/EditorLandscapeResources/SplineEditorMeshMat.uasset" 802
"../../../Engine/Content/EditorLandscapeResources/SplineEditorMeshMat.uexp" 803
"../../../Engine/Content/EditorLandscapeResources/SplineEditorMesh.ubulk" 804
"../../../Engine/Content/EditorLandscapeResources/SplineEditorMesh.uasset" 805
"../../../Engine/Content/EditorLandscapeResources/SplineEditorMesh.uexp" 806
"../../../Engine/Content/EngineMaterials/WeightMapPlaceholderTexture.uasset" 807
"../../../Engine/Content/EngineMaterials/WeightMapPlaceholderTexture.uexp" 808
"../../../Engine/Content/EngineMaterials/WeightMapArrayPlaceholderTexture.uasset" 809
"../../../Engine/Content/EngineMaterials/WeightMapArrayPlaceholderTexture.uexp" 810
"../../../Engine/Content/EngineResources/WhiteSquareTexture.uasset" 811
"../../../Engine/Content/EngineResources/WhiteSquareTexture.uexp" 812
"../../../Engine/Content/EngineMaterials/Widget3DPassThrough.uasset" 813
"../../../Engine/Content/EngineMaterials/Widget3DPassThrough.uexp" 814
"../../../Engine/Content/EngineMaterials/Widget3DPassThrough_Masked.uasset" 815
"../../../Engine/Content/EngineMaterials/Widget3DPassThrough_Masked.uexp" 816
"../../../Engine/Content/EngineMaterials/Widget3DPassThrough_Opaque.uasset" 817
"../../../Engine/Content/EngineMaterials/Widget3DPassThrough_Opaque.uexp" 818
"../../../Engine/Content/EngineMaterials/Widget3DPassThrough_Masked_OneSided.uasset" 819
"../../../Engine/Content/EngineMaterials/Widget3DPassThrough_Masked_OneSided.uexp" 820
"../../../Engine/Content/EngineMaterials/Widget3DPassThrough_Opaque_OneSided.uasset" 821
"../../../Engine/Content/EngineMaterials/Widget3DPassThrough_Opaque_OneSided.uexp" 822
"../../../Engine/Content/EngineMaterials/Widget3DPassThrough_Translucent.uasset" 823
"../../../Engine/Content/EngineMaterials/Widget3DPassThrough_Translucent.uexp" 824
"../../../Engine/Content/EngineMaterials/Widget3DPassThrough_Translucent_OneSided.uasset" 825
"../../../Engine/Content/EngineMaterials/Widget3DPassThrough_Translucent_OneSided.uexp" 826
"../../../Engine/Plugins/2D/Paper2D/Content/DefaultSpriteMaterial.uasset" 827
"../../../Engine/Plugins/2D/Paper2D/Content/DefaultSpriteMaterial.uexp" 828
"../../../Engine/Plugins/2D/Paper2D/Content/MaskedUnlitSpriteMaterial.uasset" 829
"../../../Engine/Plugins/2D/Paper2D/Content/MaskedUnlitSpriteMaterial.uexp" 830
"../../../Engine/Plugins/2D/Paper2D/Content/OpaqueUnlitSpriteMaterial.uasset" 831
"../../../Engine/Plugins/2D/Paper2D/Content/OpaqueUnlitSpriteMaterial.uexp" 832
"../../../Engine/Plugins/Animation/ControlRig/Content/Controls/ControlRig_Arrow2_1mm.ubulk" 833
"../../../Engine/Plugins/Animation/ControlRig/Content/Controls/ControlRig_Arrow2_1mm.uasset" 834
"../../../Engine/Plugins/Animation/ControlRig/Content/Controls/ControlRig_Arrow2_1mm.uexp" 835
"../../../Engine/Plugins/Animation/ControlRig/Content/Controls/ControlRig_Arrow2_3mm.ubulk" 836
"../../../Engine/Plugins/Animation/ControlRig/Content/Controls/ControlRig_Arrow2_3mm.uasset" 837
"../../../Engine/Plugins/Animation/ControlRig/Content/Controls/ControlRig_Arrow2_3mm.uexp" 838
"../../../Engine/Plugins/Animation/ControlRig/Content/Controls/ControlRig_Arrow2_solid.ubulk" 839
"../../../Engine/Plugins/Animation/ControlRig/Content/Controls/ControlRig_Arrow2_solid.uasset" 840
"../../../Engine/Plugins/Animation/ControlRig/Content/Controls/ControlRig_Arrow2_solid.uexp" 841
"../../../Engine/Plugins/Animation/ControlRig/Content/Controls/ControlRig_Arrow4_1mm.ubulk" 842
"../../../Engine/Plugins/Animation/ControlRig/Content/Controls/ControlRig_Arrow4_1mm.uasset" 843
"../../../Engine/Plugins/Animation/ControlRig/Content/Controls/ControlRig_Arrow4_1mm.uexp" 844
"../../../Engine/Plugins/Animation/ControlRig/Content/Controls/ControlRig_Arrow4_3mm.ubulk" 845
"../../../Engine/Plugins/Animation/ControlRig/Content/Controls/ControlRig_Arrow4_3mm.uasset" 846
"../../../Engine/Plugins/Animation/ControlRig/Content/Controls/ControlRig_Arrow4_3mm.uexp" 847
"../../../Engine/Plugins/Animation/ControlRig/Content/Controls/ControlRig_Arrow4_solid.ubulk" 848
"../../../Engine/Plugins/Animation/ControlRig/Content/Controls/ControlRig_Arrow4_solid.uasset" 849
"../../../Engine/Plugins/Animation/ControlRig/Content/Controls/ControlRig_Arrow4_solid.uexp" 850
"../../../Engine/Plugins/Animation/ControlRig/Content/Controls/ControlRig_Arrow_1mm.ubulk" 851
"../../../Engine/Plugins/Animation/ControlRig/Content/Controls/ControlRig_Arrow_1mm.uasset" 852
"../../../Engine/Plugins/Animation/ControlRig/Content/Controls/ControlRig_Arrow_1mm.uexp" 853
"../../../Engine/Plugins/Animation/ControlRig/Content/Controls/ControlRig_Arrow_3mm.ubulk" 854
"../../../Engine/Plugins/Animation/ControlRig/Content/Controls/ControlRig_Arrow_3mm.uasset" 855
"../../../Engine/Plugins/Animation/ControlRig/Content/Controls/ControlRig_Arrow_3mm.uexp" 856
"../../../Engine/Plugins/Animation/ControlRig/Content/Controls/ControlRig_Arrow_solid.ubulk" 857
"../../../Engine/Plugins/Animation/ControlRig/Content/Controls/ControlRig_Arrow_solid.uasset" 858
"../../../Engine/Plugins/Animation/ControlRig/Content/Controls/ControlRig_Arrow_solid.uexp" 859
"../../../Engine/Plugins/Animation/ControlRig/Content/Controls/ControlRig_Box_1mm.ubulk" 860
"../../../Engine/Plugins/Animation/ControlRig/Content/Controls/ControlRig_Box_1mm.uasset" 861
"../../../Engine/Plugins/Animation/ControlRig/Content/Controls/ControlRig_Box_1mm.uexp" 862
"../../../Engine/Plugins/Animation/ControlRig/Content/Controls/ControlRig_Box_3mm.ubulk" 863
"../../../Engine/Plugins/Animation/ControlRig/Content/Controls/ControlRig_Box_3mm.uasset" 864
"../../../Engine/Plugins/Animation/ControlRig/Content/Controls/ControlRig_Box_3mm.uexp" 865
"../../../Engine/Plugins/Animation/ControlRig/Content/Controls/ControlRig_Box_solid.ubulk" 866
"../../../Engine/Plugins/Animation/ControlRig/Content/Controls/ControlRig_Box_solid.uasset" 867
"../../../Engine/Plugins/Animation/ControlRig/Content/Controls/ControlRig_Box_solid.uexp" 868
"../../../Engine/Plugins/Animation/ControlRig/Content/Controls/ControlRig_Circle_1mm.ubulk" 869
"../../../Engine/Plugins/Animation/ControlRig/Content/Controls/ControlRig_Circle_1mm.uasset" 870
"../../../Engine/Plugins/Animation/ControlRig/Content/Controls/ControlRig_Circle_1mm.uexp" 871
"../../../Engine/Plugins/Animation/ControlRig/Content/Controls/ControlRig_Circle_3mm.ubulk" 872
"../../../Engine/Plugins/Animation/ControlRig/Content/Controls/ControlRig_Circle_3mm.uasset" 873
"../../../Engine/Plugins/Animation/ControlRig/Content/Controls/ControlRig_Circle_3mm.uexp" 874
"../../../Engine/Plugins/Animation/ControlRig/Content/Controls/ControlRig_Circle_solid.ubulk" 875
"../../../Engine/Plugins/Animation/ControlRig/Content/Controls/ControlRig_Circle_solid.uasset" 876
"../../../Engine/Plugins/Animation/ControlRig/Content/Controls/ControlRig_Circle_solid.uexp" 877
"../../../Engine/Plugins/Animation/ControlRig/Content/Controls/ControlRig_Diamond_1mm.ubulk" 878
"../../../Engine/Plugins/Animation/ControlRig/Content/Controls/ControlRig_Diamond_1mm.uasset" 879
"../../../Engine/Plugins/Animation/ControlRig/Content/Controls/ControlRig_Diamond_1mm.uexp" 880
"../../../Engine/Plugins/Animation/ControlRig/Content/Controls/ControlRig_Diamond_3mm.ubulk" 881
"../../../Engine/Plugins/Animation/ControlRig/Content/Controls/ControlRig_Diamond_3mm.uasset" 882
"../../../Engine/Plugins/Animation/ControlRig/Content/Controls/ControlRig_Diamond_3mm.uexp" 883
"../../../Engine/Plugins/Animation/ControlRig/Content/Controls/ControlRig_Diamond_solid.ubulk" 884
"../../../Engine/Plugins/Animation/ControlRig/Content/Controls/ControlRig_Diamond_solid.uasset" 885
"../../../Engine/Plugins/Animation/ControlRig/Content/Controls/ControlRig_Diamond_solid.uexp" 886
"../../../Engine/Plugins/Animation/ControlRig/Content/Controls/ControlRig_HalfCircle_1mm.ubulk" 887
"../../../Engine/Plugins/Animation/ControlRig/Content/Controls/ControlRig_HalfCircle_1mm.uasset" 888
"../../../Engine/Plugins/Animation/ControlRig/Content/Controls/ControlRig_HalfCircle_1mm.uexp" 889
"../../../Engine/Plugins/Animation/ControlRig/Content/Controls/ControlRig_HalfCircle_3mm.ubulk" 890
"../../../Engine/Plugins/Animation/ControlRig/Content/Controls/ControlRig_HalfCircle_3mm.uasset" 891
"../../../Engine/Plugins/Animation/ControlRig/Content/Controls/ControlRig_HalfCircle_3mm.uexp" 892
"../../../Engine/Plugins/Animation/ControlRig/Content/Controls/ControlRig_HalfCircle_solid.ubulk" 893
"../../../Engine/Plugins/Animation/ControlRig/Content/Controls/ControlRig_HalfCircle_solid.uasset" 894
"../../../Engine/Plugins/Animation/ControlRig/Content/Controls/ControlRig_HalfCircle_solid.uexp" 895
"../../../Engine/Plugins/Animation/ControlRig/Content/Controls/ControlRig_Hexagon_1mm.ubulk" 896
"../../../Engine/Plugins/Animation/ControlRig/Content/Controls/ControlRig_Hexagon_1mm.uasset" 897
"../../../Engine/Plugins/Animation/ControlRig/Content/Controls/ControlRig_Hexagon_1mm.uexp" 898
"../../../Engine/Plugins/Animation/ControlRig/Content/Controls/ControlRig_Hexagon_3mm.ubulk" 899
"../../../Engine/Plugins/Animation/ControlRig/Content/Controls/ControlRig_Hexagon_3mm.uasset" 900
"../../../Engine/Plugins/Animation/ControlRig/Content/Controls/ControlRig_Hexagon_3mm.uexp" 901
"../../../Engine/Plugins/Animation/ControlRig/Content/Controls/ControlRig_Hexagon_solid.ubulk" 902
"../../../Engine/Plugins/Animation/ControlRig/Content/Controls/ControlRig_Hexagon_solid.uasset" 903
"../../../Engine/Plugins/Animation/ControlRig/Content/Controls/ControlRig_Hexagon_solid.uexp" 904
"../../../Engine/Plugins/Animation/ControlRig/Content/Controls/ControlRig_Octagon_1mm.ubulk" 905
"../../../Engine/Plugins/Animation/ControlRig/Content/Controls/ControlRig_Octagon_1mm.uasset" 906
"../../../Engine/Plugins/Animation/ControlRig/Content/Controls/ControlRig_Octagon_1mm.uexp" 907
"../../../Engine/Plugins/Animation/ControlRig/Content/Controls/ControlRig_Octagon_3mm.ubulk" 908
"../../../Engine/Plugins/Animation/ControlRig/Content/Controls/ControlRig_Octagon_3mm.uasset" 909
"../../../Engine/Plugins/Animation/ControlRig/Content/Controls/ControlRig_Octagon_3mm.uexp" 910
"../../../Engine/Plugins/Animation/ControlRig/Content/Controls/ControlRig_Octagon_solid.ubulk" 911
"../../../Engine/Plugins/Animation/ControlRig/Content/Controls/ControlRig_Octagon_solid.uasset" 912
"../../../Engine/Plugins/Animation/ControlRig/Content/Controls/ControlRig_Octagon_solid.uexp" 913
"../../../Engine/Plugins/Animation/ControlRig/Content/Controls/ControlRig_Pyramid_1mm.ubulk" 914
"../../../Engine/Plugins/Animation/ControlRig/Content/Controls/ControlRig_Pyramid_1mm.uasset" 915
"../../../Engine/Plugins/Animation/ControlRig/Content/Controls/ControlRig_Pyramid_1mm.uexp" 916
"../../../Engine/Plugins/Animation/ControlRig/Content/Controls/ControlRig_Pyramid_3mm.ubulk" 917
"../../../Engine/Plugins/Animation/ControlRig/Content/Controls/ControlRig_Pyramid_3mm.uasset" 918
"../../../Engine/Plugins/Animation/ControlRig/Content/Controls/ControlRig_Pyramid_3mm.uexp" 919
"../../../Engine/Plugins/Animation/ControlRig/Content/Controls/ControlRig_Pyramid_solid.ubulk" 920
"../../../Engine/Plugins/Animation/ControlRig/Content/Controls/ControlRig_Pyramid_solid.uasset" 921
"../../../Engine/Plugins/Animation/ControlRig/Content/Controls/ControlRig_Pyramid_solid.uexp" 922
"../../../Engine/Plugins/Animation/ControlRig/Content/Controls/ControlRig_QuarterCircle_1mm.ubulk" 923
"../../../Engine/Plugins/Animation/ControlRig/Content/Controls/ControlRig_QuarterCircle_1mm.uasset" 924
"../../../Engine/Plugins/Animation/ControlRig/Content/Controls/ControlRig_QuarterCircle_1mm.uexp" 925
"../../../Engine/Plugins/Animation/ControlRig/Content/Controls/ControlRig_QuarterCircle_3mm.ubulk" 926
"../../../Engine/Plugins/Animation/ControlRig/Content/Controls/ControlRig_QuarterCircle_3mm.uasset" 927
"../../../Engine/Plugins/Animation/ControlRig/Content/Controls/ControlRig_QuarterCircle_3mm.uexp" 928
"../../../Engine/Plugins/Animation/ControlRig/Content/Controls/ControlRig_QuarterCircle_solid.ubulk" 929
"../../../Engine/Plugins/Animation/ControlRig/Content/Controls/ControlRig_QuarterCircle_solid.uasset" 930
"../../../Engine/Plugins/Animation/ControlRig/Content/Controls/ControlRig_QuarterCircle_solid.uexp" 931
"../../../Engine/Plugins/Animation/ControlRig/Content/Controls/ControlRig_RoundedSquare_1mm.ubulk" 932
"../../../Engine/Plugins/Animation/ControlRig/Content/Controls/ControlRig_RoundedSquare_1mm.uasset" 933
"../../../Engine/Plugins/Animation/ControlRig/Content/Controls/ControlRig_RoundedSquare_1mm.uexp" 934
"../../../Engine/Plugins/Animation/ControlRig/Content/Controls/ControlRig_RoundedSquare_3mm.ubulk" 935
"../../../Engine/Plugins/Animation/ControlRig/Content/Controls/ControlRig_RoundedSquare_3mm.uasset" 936
"../../../Engine/Plugins/Animation/ControlRig/Content/Controls/ControlRig_RoundedSquare_3mm.uexp" 937
"../../../Engine/Plugins/Animation/ControlRig/Content/Controls/ControlRig_RoundedSquare_solid.ubulk" 938
"../../../Engine/Plugins/Animation/ControlRig/Content/Controls/ControlRig_RoundedSquare_solid.uasset" 939
"../../../Engine/Plugins/Animation/ControlRig/Content/Controls/ControlRig_RoundedSquare_solid.uexp" 940
"../../../Engine/Plugins/Animation/ControlRig/Content/Controls/ControlRig_RoundedTriangle_1mm.ubulk" 941
"../../../Engine/Plugins/Animation/ControlRig/Content/Controls/ControlRig_RoundedTriangle_1mm.uasset" 942
"../../../Engine/Plugins/Animation/ControlRig/Content/Controls/ControlRig_RoundedTriangle_1mm.uexp" 943
"../../../Engine/Plugins/Animation/ControlRig/Content/Controls/ControlRig_RoundedTriangle_3mm.ubulk" 944
"../../../Engine/Plugins/Animation/ControlRig/Content/Controls/ControlRig_RoundedTriangle_3mm.uasset" 945
"../../../Engine/Plugins/Animation/ControlRig/Content/Controls/ControlRig_RoundedTriangle_3mm.uexp" 946
"../../../Engine/Plugins/Animation/ControlRig/Content/Controls/ControlRig_RoundedTriangle_solid.ubulk" 947
"../../../Engine/Plugins/Animation/ControlRig/Content/Controls/ControlRig_RoundedTriangle_solid.uasset" 948
"../../../Engine/Plugins/Animation/ControlRig/Content/Controls/ControlRig_RoundedTriangle_solid.uexp" 949
"../../../Engine/Plugins/Animation/ControlRig/Content/Controls/ControlRig_Sphere_1mm.ubulk" 950
"../../../Engine/Plugins/Animation/ControlRig/Content/Controls/ControlRig_Sphere_1mm.uasset" 951
"../../../Engine/Plugins/Animation/ControlRig/Content/Controls/ControlRig_Sphere_1mm.uexp" 952
"../../../Engine/Plugins/Animation/ControlRig/Content/Controls/ControlRig_Sphere_3mm.ubulk" 953
"../../../Engine/Plugins/Animation/ControlRig/Content/Controls/ControlRig_Sphere_3mm.uasset" 954
"../../../Engine/Plugins/Animation/ControlRig/Content/Controls/ControlRig_Sphere_3mm.uexp" 955
"../../../Engine/Plugins/Animation/ControlRig/Content/Controls/ControlRig_Sphere_solid.ubulk" 956
"../../../Engine/Plugins/Animation/ControlRig/Content/Controls/ControlRig_Sphere_solid.uasset" 957
"../../../Engine/Plugins/Animation/ControlRig/Content/Controls/ControlRig_Sphere_solid.uexp" 958
"../../../Engine/Plugins/Animation/ControlRig/Content/Controls/ControlRig_Square_1mm.ubulk" 959
"../../../Engine/Plugins/Animation/ControlRig/Content/Controls/ControlRig_Square_1mm.uasset" 960
"../../../Engine/Plugins/Animation/ControlRig/Content/Controls/ControlRig_Square_1mm.uexp" 961
"../../../Engine/Plugins/Animation/ControlRig/Content/Controls/ControlRig_Square_3mm.ubulk" 962
"../../../Engine/Plugins/Animation/ControlRig/Content/Controls/ControlRig_Square_3mm.uasset" 963
"../../../Engine/Plugins/Animation/ControlRig/Content/Controls/ControlRig_Square_3mm.uexp" 964
"../../../Engine/Plugins/Animation/ControlRig/Content/Controls/ControlRig_Square_solid.ubulk" 965
"../../../Engine/Plugins/Animation/ControlRig/Content/Controls/ControlRig_Square_solid.uasset" 966
"../../../Engine/Plugins/Animation/ControlRig/Content/Controls/ControlRig_Square_solid.uexp" 967
"../../../Engine/Plugins/Animation/ControlRig/Content/Controls/ControlRig_Star4_1mm.ubulk" 968
"../../../Engine/Plugins/Animation/ControlRig/Content/Controls/ControlRig_Star4_1mm.uasset" 969
"../../../Engine/Plugins/Animation/ControlRig/Content/Controls/ControlRig_Star4_1mm.uexp" 970
"../../../Engine/Plugins/Animation/ControlRig/Content/Controls/ControlRig_Star4_3mm.ubulk" 971
"../../../Engine/Plugins/Animation/ControlRig/Content/Controls/ControlRig_Star4_3mm.uasset" 972
"../../../Engine/Plugins/Animation/ControlRig/Content/Controls/ControlRig_Star4_3mm.uexp" 973
"../../../Engine/Plugins/Animation/ControlRig/Content/Controls/ControlRig_Star4_solid.ubulk" 974
"../../../Engine/Plugins/Animation/ControlRig/Content/Controls/ControlRig_Star4_solid.uasset" 975
"../../../Engine/Plugins/Animation/ControlRig/Content/Controls/ControlRig_Star4_solid.uexp" 976
"../../../Engine/Plugins/Animation/ControlRig/Content/Controls/ControlRig_Triangle_1mm.ubulk" 977
"../../../Engine/Plugins/Animation/ControlRig/Content/Controls/ControlRig_Triangle_1mm.uasset" 978
"../../../Engine/Plugins/Animation/ControlRig/Content/Controls/ControlRig_Triangle_1mm.uexp" 979
"../../../Engine/Plugins/Animation/ControlRig/Content/Controls/ControlRig_Triangle_3mm.ubulk" 980
"../../../Engine/Plugins/Animation/ControlRig/Content/Controls/ControlRig_Triangle_3mm.uasset" 981
"../../../Engine/Plugins/Animation/ControlRig/Content/Controls/ControlRig_Triangle_3mm.uexp" 982
"../../../Engine/Plugins/Animation/ControlRig/Content/Controls/ControlRig_Triangle_solid.ubulk" 983
"../../../Engine/Plugins/Animation/ControlRig/Content/Controls/ControlRig_Triangle_solid.uasset" 984
"../../../Engine/Plugins/Animation/ControlRig/Content/Controls/ControlRig_Triangle_solid.uexp" 985
"../../../Engine/Plugins/Animation/ControlRig/Content/Controls/ControlRig_Wedge_1mm.ubulk" 986
"../../../Engine/Plugins/Animation/ControlRig/Content/Controls/ControlRig_Wedge_1mm.uasset" 987
"../../../Engine/Plugins/Animation/ControlRig/Content/Controls/ControlRig_Wedge_1mm.uexp" 988
"../../../Engine/Plugins/Animation/ControlRig/Content/Controls/ControlRig_Wedge_3mm.ubulk" 989
"../../../Engine/Plugins/Animation/ControlRig/Content/Controls/ControlRig_Wedge_3mm.uasset" 990
"../../../Engine/Plugins/Animation/ControlRig/Content/Controls/ControlRig_Wedge_3mm.uexp" 991
"../../../Engine/Plugins/Animation/ControlRig/Content/Controls/ControlRig_Wedge_solid.ubulk" 992
"../../../Engine/Plugins/Animation/ControlRig/Content/Controls/ControlRig_Wedge_solid.uasset" 993
"../../../Engine/Plugins/Animation/ControlRig/Content/Controls/ControlRig_Wedge_solid.uexp" 994
"../../../Engine/Plugins/Media/MediaPlate/Content/SM_MediaPlateScreen.ubulk" 995
"../../../Engine/Plugins/Media/MediaPlate/Content/SM_MediaPlateScreen.uasset" 996
"../../../Engine/Plugins/Media/MediaPlate/Content/SM_MediaPlateScreen.uexp" 997
"../../../Engine/Plugins/NNE/NNEDenoiser/Content/NNEDIM_ColorAlbedoNormal_Alpha.uasset" 998
"../../../Engine/Plugins/NNE/NNEDenoiser/Content/NNEDIM_ColorAlbedoNormal_Alpha.uexp" 999
"../../../Engine/Plugins/NNE/NNEDenoiser/Content/NNEDIM_ColorAlbedoNormal_Default.uasset" 1000
"../../../Engine/Plugins/NNE/NNEDenoiser/Content/NNEDIM_ColorAlbedoNormal_Default.uexp" 1001
"../../../Engine/Plugins/NNE/NNEDenoiser/Content/NNEDIM_HighQuality_Alpha.uasset" 1002
"../../../Engine/Plugins/NNE/NNEDenoiser/Content/NNEDIM_HighQuality_Alpha.uexp" 1003
"../../../Engine/Plugins/NNE/NNEDenoiser/Content/NNEDIM_HighQuality_Default.uasset" 1004
"../../../Engine/Plugins/NNE/NNEDenoiser/Content/NNEDIM_HighQuality_Default.uexp" 1005
"../../../Engine/Plugins/NNE/NNEDenoiser/Content/NNEDOM_Output_Alpha.uasset" 1006
"../../../Engine/Plugins/NNE/NNEDenoiser/Content/NNEDOM_Output_Alpha.uexp" 1007
"../../../Engine/Plugins/NNE/NNEDenoiser/Content/NNEDOM_Output_Default.uasset" 1008
"../../../Engine/Plugins/NNE/NNEDenoiser/Content/NNEDOM_Output_Default.uexp" 1009
"../../../Engine/Plugins/NNE/NNEDenoiser/Content/NNEDTIM_ColorAlbedoNormal_Alpha.uasset" 1010
"../../../Engine/Plugins/NNE/NNEDenoiser/Content/NNEDTIM_ColorAlbedoNormal_Alpha.uexp" 1011
"../../../Engine/Plugins/NNE/NNEDenoiser/Content/NNEDTIM_ColorAlbedoNormal_Default.uasset" 1012
"../../../Engine/Plugins/NNE/NNEDenoiser/Content/NNEDTIM_ColorAlbedoNormal_Default.uexp" 1013
"../../../Engine/Plugins/NNE/NNEDenoiser/Content/NNEDTOM_Output_Alpha.uasset" 1014
"../../../Engine/Plugins/NNE/NNEDenoiser/Content/NNEDTOM_Output_Alpha.uexp" 1015
"../../../Engine/Plugins/NNE/NNEDenoiser/Content/NNEDTOM_Output_Default.uasset" 1016
"../../../Engine/Plugins/NNE/NNEDenoiser/Content/NNEDTOM_Output_Default.uexp" 1017
"../../../Engine/Content/Functions/Engine_MaterialFunctions02/Texturing/CustomRotator.uasset" 1018
"../../../Engine/Content/Functions/Engine_MaterialFunctions02/Texturing/CustomRotator.uexp" 1019
"../../../Engine/Content/Functions/Engine_MaterialFunctions01/Gradient/GeneratedRoundRect.uasset" 1020
"../../../Engine/Content/Functions/Engine_MaterialFunctions01/Gradient/GeneratedRoundRect.uexp" 1021
"../../../Engine/Content/Functions/Engine_MaterialFunctions01/Gradient/SphereGradient-2D.uasset" 1022
"../../../Engine/Content/Functions/Engine_MaterialFunctions01/Gradient/SphereGradient-2D.uexp" 1023
"../../../Engine/Plugins/Runtime/AudioWidgets/Content/AudioMaterialSlate/Functions/MF_DotOutlined.uasset" 1024
"../../../Engine/Plugins/Runtime/AudioWidgets/Content/AudioMaterialSlate/Functions/MF_DotOutlined.uexp" 1025
"../../../Engine/Plugins/Runtime/AudioWidgets/Content/AudioMaterialSlate/M_AudioMaterialEnvelope_ADSR.uasset" 1026
"../../../Engine/Plugins/Runtime/AudioWidgets/Content/AudioMaterialSlate/M_AudioMaterialEnvelope_ADSR.uexp" 1027
"../../../Engine/Plugins/Runtime/AudioWidgets/Content/AudioMaterialSlate/MI_AudioMaterialEnvelope_ADSR.uasset" 1028
"../../../Engine/Plugins/Runtime/AudioWidgets/Content/AudioMaterialSlate/MI_AudioMaterialEnvelope_ADSR.uexp" 1029
"../../../Engine/Plugins/Runtime/AudioWidgets/Content/AudioMaterialSlate/Functions/MF_SingleLine_Smooth.uasset" 1030
"../../../Engine/Plugins/Runtime/AudioWidgets/Content/AudioMaterialSlate/Functions/MF_SingleLine_Smooth.uexp" 1031
"../../../Engine/Plugins/Runtime/AudioWidgets/Content/AudioMaterialSlate/Functions/MF_AngleGradient.uasset" 1032
"../../../Engine/Plugins/Runtime/AudioWidgets/Content/AudioMaterialSlate/Functions/MF_AngleGradient.uexp" 1033
"../../../Engine/Content/Functions/Engine_MaterialFunctions02/Lerp_3Color.uasset" 1034
"../../../Engine/Content/Functions/Engine_MaterialFunctions02/Lerp_3Color.uexp" 1035
"../../../Engine/Plugins/Runtime/AudioWidgets/Content/AudioMaterialSlate/M_AudioMaterialKnob.uasset" 1036
"../../../Engine/Plugins/Runtime/AudioWidgets/Content/AudioMaterialSlate/M_AudioMaterialKnob.uexp" 1037
"../../../Engine/Plugins/Runtime/AudioWidgets/Content/AudioMaterialSlate/MI_AudioMaterialKnob.uasset" 1038
"../../../Engine/Plugins/Runtime/AudioWidgets/Content/AudioMaterialSlate/MI_AudioMaterialKnob.uexp" 1039
"../../../Engine/Plugins/Runtime/AudioWidgets/Content/AudioMaterialSlate/Functions/MF_Lines.uasset" 1040
"../../../Engine/Plugins/Runtime/AudioWidgets/Content/AudioMaterialSlate/Functions/MF_Lines.uexp" 1041
"../../../Engine/Plugins/Runtime/AudioWidgets/Content/AudioMaterialSlate/M_AudioMaterialMeter.uasset" 1042
"../../../Engine/Plugins/Runtime/AudioWidgets/Content/AudioMaterialSlate/M_AudioMaterialMeter.uexp" 1043
"../../../Engine/Plugins/Runtime/AudioWidgets/Content/AudioMaterialSlate/MI_AudioMaterialMeter.uasset" 1044
"../../../Engine/Plugins/Runtime/AudioWidgets/Content/AudioMaterialSlate/MI_AudioMaterialMeter.uexp" 1045
"../../../Engine/Plugins/Runtime/AudioWidgets/Content/AudioMaterialSlate/M_AudioMaterialRoundedSlider.uasset" 1046
"../../../Engine/Plugins/Runtime/AudioWidgets/Content/AudioMaterialSlate/M_AudioMaterialRoundedSlider.uexp" 1047
"../../../Engine/Plugins/Runtime/AudioWidgets/Content/AudioMaterialSlate/MI_AudioMaterialRoundedSlider.uasset" 1048
"../../../Engine/Plugins/Runtime/AudioWidgets/Content/AudioMaterialSlate/MI_AudioMaterialRoundedSlider.uexp" 1049
"../../../Engine/Plugins/Runtime/AudioWidgets/Content/AudioMaterialSlate/Functions/MF_SingleLine.uasset" 1050
"../../../Engine/Plugins/Runtime/AudioWidgets/Content/AudioMaterialSlate/Functions/MF_SingleLine.uexp" 1051
"../../../Engine/Plugins/Runtime/AudioWidgets/Content/AudioMaterialSlate/M_AudioMaterialToggleButton.uasset" 1052
"../../../Engine/Plugins/Runtime/AudioWidgets/Content/AudioMaterialSlate/M_AudioMaterialToggleButton.uexp" 1053
"../../../Engine/Plugins/Runtime/AudioWidgets/Content/AudioMaterialSlate/MI_AudioMaterialToggleButton.uasset" 1054
"../../../Engine/Plugins/Runtime/AudioWidgets/Content/AudioMaterialSlate/MI_AudioMaterialToggleButton.uexp" 1055
"G:/BestGameEver/BestGameEver/BestGameEver/Content/LevelPrototyping/Textures/T_GridChecker_A.ubulk" 1056
"G:/BestGameEver/BestGameEver/BestGameEver/Content/LevelPrototyping/Textures/T_GridChecker_A.uasset" 1057
"G:/BestGameEver/BestGameEver/BestGameEver/Content/LevelPrototyping/Textures/T_GridChecker_A.uexp" 1058
"../../../Engine/Content/Functions/Engine_MaterialFunctions01/Gradient/LinearGradient.uasset" 1059
"../../../Engine/Content/Functions/Engine_MaterialFunctions01/Gradient/LinearGradient.uexp" 1060
"../../../Engine/Content/Functions/Engine_MaterialFunctions01/ImageAdjustment/CheapContrast.uasset" 1061
"../../../Engine/Content/Functions/Engine_MaterialFunctions01/ImageAdjustment/CheapContrast.uexp" 1062
"G:/BestGameEver/BestGameEver/BestGameEver/Content/LevelPrototyping/Materials/MF_ProcGrid.uasset" 1063
"G:/BestGameEver/BestGameEver/BestGameEver/Content/LevelPrototyping/Materials/MF_ProcGrid.uexp" 1064
"G:/BestGameEver/BestGameEver/BestGameEver/Content/LevelPrototyping/Materials/M_PrototypeGrid.uasset" 1065
"G:/BestGameEver/BestGameEver/BestGameEver/Content/LevelPrototyping/Materials/M_PrototypeGrid.uexp" 1066
"G:/BestGameEver/BestGameEver/BestGameEver/Content/LevelPrototyping/Materials/MI_PrototypeGrid_TopDark.uasset" 1067
"G:/BestGameEver/BestGameEver/BestGameEver/Content/LevelPrototyping/Materials/MI_PrototypeGrid_TopDark.uexp" 1068
"G:/BestGameEver/BestGameEver/BestGameEver/Content/LevelPrototyping/Materials/MI_PrototypeGrid_Gray.uasset" 1069
"G:/BestGameEver/BestGameEver/BestGameEver/Content/LevelPrototyping/Materials/MI_PrototypeGrid_Gray.uexp" 1070
"G:/BestGameEver/BestGameEver/BestGameEver/Content/LevelPrototyping/Meshes/SM_Ramp.ubulk" 1071
"G:/BestGameEver/BestGameEver/BestGameEver/Content/LevelPrototyping/Meshes/SM_Ramp.uasset" 1072
"G:/BestGameEver/BestGameEver/BestGameEver/Content/LevelPrototyping/Meshes/SM_Ramp.uexp" 1073
"G:/BestGameEver/BestGameEver/BestGameEver/Content/LevelPrototyping/Meshes/SM_QuarterCylinder.ubulk" 1074
"G:/BestGameEver/BestGameEver/BestGameEver/Content/LevelPrototyping/Meshes/SM_QuarterCylinder.uasset" 1075
"G:/BestGameEver/BestGameEver/BestGameEver/Content/LevelPrototyping/Meshes/SM_QuarterCylinder.uexp" 1076
"G:/BestGameEver/BestGameEver/BestGameEver/Content/LevelPrototyping/Meshes/SM_Cube.ubulk" 1077
"G:/BestGameEver/BestGameEver/BestGameEver/Content/LevelPrototyping/Meshes/SM_Cube.uasset" 1078
"G:/BestGameEver/BestGameEver/BestGameEver/Content/LevelPrototyping/Meshes/SM_Cube.uexp" 1079
"G:/BestGameEver/BestGameEver/BestGameEver/Content/LevelPrototyping/Materials/M_Solid.uasset" 1080
"G:/BestGameEver/BestGameEver/BestGameEver/Content/LevelPrototyping/Materials/M_Solid.uexp" 1081
"G:/BestGameEver/BestGameEver/BestGameEver/Content/LevelPrototyping/Materials/MI_Solid_Blue.uasset" 1082
"G:/BestGameEver/BestGameEver/BestGameEver/Content/LevelPrototyping/Materials/MI_Solid_Blue.uexp" 1083
"G:/BestGameEver/BestGameEver/BestGameEver/Content/LevelPrototyping/Meshes/SM_ChamferCube.ubulk" 1084
"G:/BestGameEver/BestGameEver/BestGameEver/Content/LevelPrototyping/Meshes/SM_ChamferCube.uasset" 1085
"G:/BestGameEver/BestGameEver/BestGameEver/Content/LevelPrototyping/Meshes/SM_ChamferCube.uexp" 1086
"../../../Engine/Content/EngineSky/T_Sky_Stars.ubulk" 1087
"../../../Engine/Content/EngineSky/T_Sky_Stars.uasset" 1088
"../../../Engine/Content/EngineSky/T_Sky_Stars.uexp" 1089
"../../../Engine/Content/EngineSky/T_Sky_Clouds_M.ubulk" 1090
"../../../Engine/Content/EngineSky/T_Sky_Clouds_M.uasset" 1091
"../../../Engine/Content/EngineSky/T_Sky_Clouds_M.uexp" 1092
"../../../Engine/Content/EngineSky/T_Sky_Blue.ubulk" 1093
"../../../Engine/Content/EngineSky/T_Sky_Blue.uasset" 1094
"../../../Engine/Content/EngineSky/T_Sky_Blue.uexp" 1095
"../../../Engine/Content/EngineSky/M_Sky_Panning_Clouds2.uasset" 1096
"../../../Engine/Content/EngineSky/M_Sky_Panning_Clouds2.uexp" 1097
"../../../Engine/Content/EngineSky/SM_SkySphere.ubulk" 1098
"../../../Engine/Content/EngineSky/SM_SkySphere.uasset" 1099
"../../../Engine/Content/EngineSky/SM_SkySphere.uexp" 1100
"../../../Engine/Content/EngineSky/M_SimpleSkyDome.uasset" 1101
"../../../Engine/Content/EngineSky/M_SimpleSkyDome.uexp" 1102
"../../../Engine/Content/EngineResources/LandscapeVisibilityLayerInfo.uasset" 1103
"../../../Engine/Content/EngineResources/LandscapeVisibilityLayerInfo.uexp" 1104
"../../../Engine/Content/VREditor/TransformGizmo/StartRotationHandleIndicator.ubulk" 1105
"../../../Engine/Content/VREditor/TransformGizmo/StartRotationHandleIndicator.uasset" 1106
"../../../Engine/Content/VREditor/TransformGizmo/StartRotationHandleIndicator.uexp" 1107
"../../../Engine/Content/VREditor/Sounds/UI/Drop_Item_From_ContentBrowser.ubulk" 1108
"../../../Engine/Content/VREditor/Sounds/UI/Drop_Item_From_ContentBrowser.uasset" 1109
"../../../Engine/Content/VREditor/Sounds/UI/Drop_Item_From_ContentBrowser.uexp" 1110
"../../../Engine/Content/VREditor/TransformGizmo/PlaneTranslationHandle.ubulk" 1111
"../../../Engine/Content/VREditor/TransformGizmo/PlaneTranslationHandle.uasset" 1112
"../../../Engine/Content/VREditor/TransformGizmo/PlaneTranslationHandle.uexp" 1113
"../../../Engine/Content/VREditor/Sounds/UI/Object_Snaps_To_Grid.ubulk" 1114
"../../../Engine/Content/VREditor/Sounds/UI/Object_Snaps_To_Grid.uasset" 1115
"../../../Engine/Content/VREditor/Sounds/UI/Object_Snaps_To_Grid.uexp" 1116
"../../../Engine/Content/VREditor/Sounds/UI/Selection_Changes.ubulk" 1117
"../../../Engine/Content/VREditor/Sounds/UI/Selection_Changes.uasset" 1118
"../../../Engine/Content/VREditor/Sounds/UI/Selection_Changes.uexp" 1119
"../../../Engine/Content/VREditor/Sounds/UI/Object_Snaps_To_Another_Actor.ubulk" 1120
"../../../Engine/Content/VREditor/Sounds/UI/Object_Snaps_To_Another_Actor.uasset" 1121
"../../../Engine/Content/VREditor/Sounds/UI/Object_Snaps_To_Another_Actor.uexp" 1122
"../../../Engine/Content/VREditor/TransformGizmo/TranslucentTransformGizmoMaterial_Inst.uasset" 1123
"../../../Engine/Content/VREditor/TransformGizmo/TranslucentTransformGizmoMaterial_Inst.uexp" 1124
"../../../Engine/Content/VREditor/TransformGizmo/TransformGizmoFreeRotation.ubulk" 1125
"../../../Engine/Content/VREditor/TransformGizmo/TransformGizmoFreeRotation.uasset" 1126
"../../../Engine/Content/VREditor/TransformGizmo/TransformGizmoFreeRotation.uexp" 1127
"../../../Engine/Content/VREditor/Sounds/UI/Scaling_Down.ubulk" 1128
"../../../Engine/Content/VREditor/Sounds/UI/Scaling_Down.uasset" 1129
"../../../Engine/Content/VREditor/Sounds/UI/Scaling_Down.uexp" 1130
"../../../Engine/Content/Functions/Engine_MaterialFunctions02/SplitComponents.uasset" 1131
"../../../Engine/Content/Functions/Engine_MaterialFunctions02/SplitComponents.uexp" 1132
"../../../Engine/Content/VREditor/SnapGrid/SnapGridMaterial.uasset" 1133
"../../../Engine/Content/VREditor/SnapGrid/SnapGridMaterial.uexp" 1134
"../../../Engine/Content/VREditor/SnapGrid/SnapGridPlaneMesh.ubulk" 1135
"../../../Engine/Content/VREditor/SnapGrid/SnapGridPlaneMesh.uasset" 1136
"../../../Engine/Content/VREditor/SnapGrid/SnapGridPlaneMesh.uexp" 1137
"../../../Engine/Content/VREditor/Sounds/UI/Scaling_Up.ubulk" 1138
"../../../Engine/Content/VREditor/Sounds/UI/Scaling_Up.uasset" 1139
"../../../Engine/Content/VREditor/Sounds/UI/Scaling_Up.uexp" 1140
"../../../Engine/Content/VREditor/TransformGizmo/TransformGizmoMaterial_Inst.uasset" 1141
"../../../Engine/Content/VREditor/TransformGizmo/TransformGizmoMaterial_Inst.uexp" 1142
"../../../Engine/Content/VREditor/Sounds/UI/Gizmo_Handle_Clicked.ubulk" 1143
"../../../Engine/Content/VREditor/Sounds/UI/Gizmo_Handle_Clicked.uasset" 1144
"../../../Engine/Content/VREditor/Sounds/UI/Gizmo_Handle_Clicked.uexp" 1145
"../../../Engine/Content/VREditor/TransformGizmo/RotationHandleQuarter.ubulk" 1146
"../../../Engine/Content/VREditor/TransformGizmo/RotationHandleQuarter.uasset" 1147
"../../../Engine/Content/VREditor/TransformGizmo/RotationHandleQuarter.uexp" 1148
"../../../Engine/Content/VREditor/TransformGizmo/TranslateArrowHandle.ubulk" 1149
"../../../Engine/Content/VREditor/TransformGizmo/TranslateArrowHandle.uasset" 1150
"../../../Engine/Content/VREditor/TransformGizmo/TranslateArrowHandle.uexp" 1151
"../../../Engine/Content/VREditor/TransformGizmo/RotationHandleIndicator.ubulk" 1152
"../../../Engine/Content/VREditor/TransformGizmo/RotationHandleIndicator.uasset" 1153
"../../../Engine/Content/VREditor/TransformGizmo/RotationHandleIndicator.uexp" 1154
"../../../Engine/Content/VREditor/TransformGizmo/UniformScaleHandle.ubulk" 1155
"../../../Engine/Content/VREditor/TransformGizmo/UniformScaleHandle.uasset" 1156
"../../../Engine/Content/VREditor/TransformGizmo/UniformScaleHandle.uexp" 1157
"../../../Engine/Content/VREditor/TransformGizmo/RotationHandleFull.ubulk" 1158
"../../../Engine/Content/VREditor/TransformGizmo/RotationHandleFull.uasset" 1159
"../../../Engine/Content/VREditor/TransformGizmo/RotationHandleFull.uexp" 1160
"../../../Engine/Content/VREditor/Sounds/UI/Object_PickUp.ubulk" 1161
"../../../Engine/Content/VREditor/Sounds/UI/Object_PickUp.uasset" 1162
"../../../Engine/Content/VREditor/Sounds/UI/Object_PickUp.uexp" 1163
"../../../Engine/Plugins/Animation/DeformerGraph/Content/DeformerFunctions/DG_Function_ComputeNormalsTangents.uasset" 1164
"../../../Engine/Plugins/Animation/DeformerGraph/Content/DeformerFunctions/DG_Function_ComputeNormalsTangents.uexp" 1165
"../../../Engine/Plugins/Animation/DeformerGraph/Content/DeformerFunctions/DG_Function_LinearBlendSkin_Morph_Cloth.uasset" 1166
"../../../Engine/Plugins/Animation/DeformerGraph/Content/DeformerFunctions/DG_Function_LinearBlendSkin_Morph_Cloth.uexp" 1167
"../../../Engine/Plugins/Animation/DeformerGraph/Content/DeformerFunctions/DG_Function_LinearBlendSkin_Morph_Cloth_PositionOnly.uasset" 1168
"../../../Engine/Plugins/Animation/DeformerGraph/Content/DeformerFunctions/DG_Function_LinearBlendSkin_Morph_Cloth_PositionOnly.uexp" 1169
"../../../Engine/Plugins/Animation/DeformerGraph/Content/Deformers/DG_LinearBlendSkin_Morph_Cloth.uasset" 1170
"../../../Engine/Plugins/Animation/DeformerGraph/Content/Deformers/DG_LinearBlendSkin_Morph_Cloth.uexp" 1171
"../../../Engine/Plugins/Animation/DeformerGraph/Content/Deformers/DG_LinearBlendSkin_Morph_Cloth_RecomputeNormals.uasset" 1172
"../../../Engine/Plugins/Animation/DeformerGraph/Content/Deformers/DG_LinearBlendSkin_Morph_Cloth_RecomputeNormals.uexp" 1173
"../../../Engine/Plugins/NNE/NNEDenoiser/Content/NNEDT_Oidn2-3_Balanced.uasset" 1174
"../../../Engine/Plugins/NNE/NNEDenoiser/Content/NNEDT_Oidn2-3_Balanced.uexp" 1175
"../../../Engine/Plugins/NNE/NNEDenoiser/Content/NNEDT_Oidn2-3_Balanced_Alpha.uasset" 1176
"../../../Engine/Plugins/NNE/NNEDenoiser/Content/NNEDT_Oidn2-3_Balanced_Alpha.uexp" 1177
"../../../Engine/Plugins/NNE/NNEDenoiser/Content/NNED_Oidn2-3_Balanced.uasset" 1178
"../../../Engine/Plugins/NNE/NNEDenoiser/Content/NNED_Oidn2-3_Balanced.uexp" 1179
"../../../Engine/Plugins/NNE/NNEDenoiser/Content/NNED_Oidn2-3_Balanced_Alpha.uasset" 1180
"../../../Engine/Plugins/NNE/NNEDenoiser/Content/NNED_Oidn2-3_Balanced_Alpha.uexp" 1181
"../../../Engine/Plugins/NNE/NNEDenoiser/Content/NNED_Oidn2-3_Fast.uasset" 1182
"../../../Engine/Plugins/NNE/NNEDenoiser/Content/NNED_Oidn2-3_Fast.uexp" 1183
"../../../Engine/Plugins/NNE/NNEDenoiser/Content/NNED_Oidn2-3_Fast_Alpha.uasset" 1184
"../../../Engine/Plugins/NNE/NNEDenoiser/Content/NNED_Oidn2-3_Fast_Alpha.uexp" 1185
"../../../Engine/Plugins/NNE/NNEDenoiser/Content/NNED_Oidn2-3_HighQuality.uasset" 1186
"../../../Engine/Plugins/NNE/NNEDenoiser/Content/NNED_Oidn2-3_HighQuality.uexp" 1187
"../../../Engine/Plugins/NNE/NNEDenoiser/Content/NNED_Oidn2-3_HighQuality_Alpha.uasset" 1188
"../../../Engine/Plugins/NNE/NNEDenoiser/Content/NNED_Oidn2-3_HighQuality_Alpha.uexp" 1189
"../../../Engine/Plugins/NNE/NNEDenoiser/Content/NNE_oidn2-3-0_rt_hdr_alb_nrm_small__dyn__fp16_opset11_DenoiseAlpha.uasset" 1190
"../../../Engine/Plugins/NNE/NNEDenoiser/Content/NNE_oidn2-3-0_rt_hdr_alb_nrm_small__dyn__fp16_opset11_DenoiseAlpha.uexp" 1191
"../../../Engine/Plugins/NNE/NNEDenoiser/Content/NNE_oidn2-3-0_rt_hdr_alb_nrm_small__dyn__fp16_opset11_ForwardAlpha.uasset" 1192
"../../../Engine/Plugins/NNE/NNEDenoiser/Content/NNE_oidn2-3-0_rt_hdr_alb_nrm_small__dyn__fp16_opset11_ForwardAlpha.uexp" 1193
"../../../Engine/Plugins/NNE/NNEDenoiser/Content/NNE_oidn2-3-0_rt_hdr_alb_nrm__dyn__fp16_opset11_DenoiseAlpha.uasset" 1194
"../../../Engine/Plugins/NNE/NNEDenoiser/Content/NNE_oidn2-3-0_rt_hdr_alb_nrm__dyn__fp16_opset11_DenoiseAlpha.uexp" 1195
"../../../Engine/Plugins/NNE/NNEDenoiser/Content/NNE_oidn2-3-0_rt_hdr_alb_nrm__dyn__fp16_opset11_ForwardAlpha.uasset" 1196
"../../../Engine/Plugins/NNE/NNEDenoiser/Content/NNE_oidn2-3-0_rt_hdr_alb_nrm__dyn__fp16_opset11_ForwardAlpha.uexp" 1197
"../../../Engine/Plugins/NNE/NNEDenoiser/Content/NNE_oidn2-3-0_rt_hdr_calb_cnrm_large__dyn__fp16_opset11_DenoiseAlpha.uasset" 1198
"../../../Engine/Plugins/NNE/NNEDenoiser/Content/NNE_oidn2-3-0_rt_hdr_calb_cnrm_large__dyn__fp16_opset11_DenoiseAlpha.uexp" 1199
"../../../Engine/Plugins/NNE/NNEDenoiser/Content/NNE_oidn2-3-0_rt_hdr_calb_cnrm_large__dyn__fp16_opset11_ForwardAlpha.uasset" 1200
"../../../Engine/Plugins/NNE/NNEDenoiser/Content/NNE_oidn2-3-0_rt_hdr_calb_cnrm_large__dyn__fp16_opset11_ForwardAlpha.uexp" 1201
"G:/BestGameEver/BestGameEver/BestGameEver/Content/Dev/Blueprints/Character/GM_Main.uasset" 1202
"G:/BestGameEver/BestGameEver/BestGameEver/Content/Dev/Blueprints/Character/GM_Main.uexp" 1203
"G:/BestGameEver/BestGameEver/BestGameEver/Content/Dev/Levels/TestLevel.uexp" 1204
"G:/BestGameEver/BestGameEver/BestGameEver/Content/Dev/Levels/TestLevel.umap" 1205
"G:/BestGameEver/BestGameEver/BestGameEver/Content/Dev/Blueprints/ServerList/WB_ServerListEntry.uasset" 1206
"G:/BestGameEver/BestGameEver/BestGameEver/Content/Dev/Blueprints/ServerList/WB_ServerListEntry.uexp" 1207
"G:/BestGameEver/BestGameEver/BestGameEver/Content/Dev/Blueprints/ServerList/WB_ServerList.uasset" 1208
"G:/BestGameEver/BestGameEver/BestGameEver/Content/Dev/Blueprints/ServerList/WB_ServerList.uexp" 1209
"G:/BestGameEver/BestGameEver/BestGameEver/Content/Dev/Blueprints/ServerList/WB_Menu.uasset" 1210
"G:/BestGameEver/BestGameEver/BestGameEver/Content/Dev/Blueprints/ServerList/WB_Menu.uexp" 1211
"G:/BestGameEver/BestGameEver/BestGameEver/Content/Dev/Blueprints/MainMenu/Pawn_MainMenu.uasset" 1212
"G:/BestGameEver/BestGameEver/BestGameEver/Content/Dev/Blueprints/MainMenu/Pawn_MainMenu.uexp" 1213
"G:/BestGameEver/BestGameEver/BestGameEver/Content/Dev/Blueprints/MainMenu/PC_MainMenu.uasset" 1214
"G:/BestGameEver/BestGameEver/BestGameEver/Content/Dev/Blueprints/MainMenu/PC_MainMenu.uexp" 1215
"G:/BestGameEver/BestGameEver/BestGameEver/Content/Dev/Blueprints/MainMenu/GM_MainMenu.uasset" 1216
"G:/BestGameEver/BestGameEver/BestGameEver/Content/Dev/Blueprints/MainMenu/GM_MainMenu.uexp" 1217
"G:/BestGameEver/BestGameEver/BestGameEver/Content/Dev/Levels/MainMenu.uexp" 1218
"G:/BestGameEver/BestGameEver/BestGameEver/Content/Dev/Levels/MainMenu.umap" 1219
"../../../Engine/Content/EngineMaterials/BlendFunc_DefBlend.uasset" 1220
"../../../Engine/Content/EngineMaterials/BlendFunc_DefBlend.uexp" 1221
"../../../Engine/Content/OpenWorldTemplate/LandscapeMaterial/T_GridChecker_A.ubulk" 1222
"../../../Engine/Content/OpenWorldTemplate/LandscapeMaterial/T_GridChecker_A.uasset" 1223
"../../../Engine/Content/OpenWorldTemplate/LandscapeMaterial/T_GridChecker_A.uexp" 1224
"../../../Engine/Content/EngineMaterials/BlendFunc_DefBase.uasset" 1225
"../../../Engine/Content/EngineMaterials/BlendFunc_DefBase.uexp" 1226
"../../../Engine/Content/Functions/Engine_MaterialFunctions03/Blends/Blend_Overlay.uasset" 1227
"../../../Engine/Content/Functions/Engine_MaterialFunctions03/Blends/Blend_Overlay.uexp" 1228
"../../../Engine/Content/OpenWorldTemplate/LandscapeMaterial/MF_ProcGrid.uasset" 1229
"../../../Engine/Content/OpenWorldTemplate/LandscapeMaterial/MF_ProcGrid.uexp" 1230
"../../../Engine/Content/OpenWorldTemplate/LandscapeMaterial/M_ProcGrid.uasset" 1231
"../../../Engine/Content/OpenWorldTemplate/LandscapeMaterial/M_ProcGrid.uexp" 1232
"../../../Engine/Content/OpenWorldTemplate/LandscapeMaterial/MI_ProcGrid.uasset" 1233
"../../../Engine/Content/OpenWorldTemplate/LandscapeMaterial/MI_ProcGrid.uexp" 1234
"../../../Engine/Content/MapTemplates/SM_Template_Map_Floor.ubulk" 1235
"../../../Engine/Content/MapTemplates/SM_Template_Map_Floor.uasset" 1236
"../../../Engine/Content/MapTemplates/SM_Template_Map_Floor.uexp" 1237
"G:/BestGameEver/BestGameEver/BestGameEver/Content/Dev/Levels/Lobby.uexp" 1238
"G:/BestGameEver/BestGameEver/BestGameEver/Content/Dev/Levels/Lobby.umap" 1239
"../../../Engine/Content/Maps/Entry_BuiltData.uasset" 1240
"../../../Engine/Content/Maps/Entry_BuiltData.uexp" 1241
"../../../Engine/Content/Maps/Entry.uexp" 1242
"../../../Engine/Content/Maps/Entry.umap" 1243
